﻿<?xml version="1.0" encoding="utf-8"?>
<deployment>
  <id>98dc2e2a497d4f6f8882edacbe826d68</id>
  <author>N/A</author>
  <deployer>ZipDeploy</deployer>
  <authorEmail>N/A</authorEmail>
  <message>Created via a push deployment</message>
  <progress></progress>
  <status>Success</status>
  <statusText></statusText>
  <lastSuccessEndTime>2025-08-04T17:01:13.0303665Z</lastSuccessEndTime>
  <receivedTime>2025-08-04T17:01:10.5296166Z</receivedTime>
  <startTime>2025-08-04T17:01:11.2803457Z</startTime>
  <endTime>2025-08-04T17:01:13.0303665Z</endTime>
  <complete>True</complete>
  <is_temp>False</is_temp>
  <is_readonly>True</is_readonly>
  <project_type>Run-From-Zip</project_type>
  <vsproject_id></vsproject_id>
</deployment>