{"TimeStamp":"2025-08-04T17:10:21Z","SiteName":"webhook-functions-sharepoint-002","RequestId":"f6cb3074-cb1f-44a1-80ab-47f384d01540","Kind":"ZipDeploy","Status":"Success","Details":"{\"Id\":\"5913310c98df4ad9bc591aed54094b9e\",\"Status\":4,\"StatusText\":\"\",\"AuthorEmail\":\"N/A\",\"Author\":\"N/A\",\"Message\":\"Created via a push deployment\",\"Progress\":\"\",\"Deployer\":\"ZipDeploy\",\"ReceivedTime\":\"2025-08-04T17:10:18.6505028Z\",\"StartTime\":\"2025-08-04T17:10:19.4984672Z\",\"EndTime\":\"2025-08-04T17:10:21.24848Z\",\"LastSuccessEndTime\":\"2025-08-04T17:10:21.24848Z\",\"Complete\":true,\"IsTemporary\":false,\"IsReadOnly\":true,\"SiteName\":\"webhook-functions-sharepoint-002\",\"HostName\":\"webhook-functions-sharepoint-002.scm.azurewebsites.net\",\"ProjectType\":\"Run-From-Zip\",\"VsProjectId\":null}"}