﻿<?xml version="1.0" encoding="utf-8"?>
<deployment>
  <id>17c790d486b6436d9c0e5756378988dc</id>
  <author>N/A</author>
  <deployer>ZipDeploy</deployer>
  <authorEmail>N/A</authorEmail>
  <message>Created via a push deployment</message>
  <progress></progress>
  <status>Success</status>
  <statusText></statusText>
  <lastSuccessEndTime>2025-08-04T15:29:09.06528Z</lastSuccessEndTime>
  <receivedTime>2025-08-04T15:29:07.1882638Z</receivedTime>
  <startTime>2025-08-04T15:29:07.7976555Z</startTime>
  <endTime>2025-08-04T15:29:09.06528Z</endTime>
  <complete>True</complete>
  <is_temp>False</is_temp>
  <is_readonly>True</is_readonly>
  <project_type>Run-From-Zip</project_type>
  <vsproject_id></vsproject_id>
</deployment>