﻿<?xml version="1.0" encoding="utf-8"?>
<deployment>
  <id>bc113f8337f441c9a2db62b58c9ecc8b</id>
  <author>N/A</author>
  <deployer>ZipDeploy</deployer>
  <authorEmail>N/A</authorEmail>
  <message>Created via a push deployment</message>
  <progress></progress>
  <status>Success</status>
  <statusText></statusText>
  <lastSuccessEndTime>2025-08-04T16:59:34.6316861Z</lastSuccessEndTime>
  <receivedTime>2025-08-04T16:59:32.3191588Z</receivedTime>
  <startTime>2025-08-04T16:59:33.0847915Z</startTime>
  <endTime>2025-08-04T16:59:34.6316861Z</endTime>
  <complete>True</complete>
  <is_temp>False</is_temp>
  <is_readonly>True</is_readonly>
  <project_type>Run-From-Zip</project_type>
  <vsproject_id></vsproject_id>
</deployment>