﻿<?xml version="1.0" encoding="utf-8"?>
<deployment>
  <id>30c2ef1d31c5475fa555247cde388aec</id>
  <author>N/A</author>
  <deployer>ZipDeploy</deployer>
  <authorEmail>N/A</authorEmail>
  <message>Created via a push deployment</message>
  <progress></progress>
  <status>Success</status>
  <statusText></statusText>
  <lastSuccessEndTime>2025-08-04T16:58:35.2753297Z</lastSuccessEndTime>
  <receivedTime>2025-08-04T16:58:32.9300721Z</receivedTime>
  <startTime>2025-08-04T16:58:33.6963602Z</startTime>
  <endTime>2025-08-04T16:58:35.2753297Z</endTime>
  <complete>True</complete>
  <is_temp>False</is_temp>
  <is_readonly>True</is_readonly>
  <project_type>Run-From-Zip</project_type>
  <vsproject_id></vsproject_id>
</deployment>