﻿<?xml version="1.0" encoding="utf-8"?>
<deployment>
  <id>3f8581b1a73748c1bb440206bf9e12d6</id>
  <author>N/A</author>
  <deployer>ZipDeploy</deployer>
  <authorEmail>N/A</authorEmail>
  <message>Created via a push deployment</message>
  <progress></progress>
  <status>Success</status>
  <statusText></statusText>
  <lastSuccessEndTime>2025-08-04T15:48:12.4238727Z</lastSuccessEndTime>
  <receivedTime>2025-08-04T15:48:10.4394674Z</receivedTime>
  <startTime>2025-08-04T15:48:11.080103Z</startTime>
  <endTime>2025-08-04T15:48:12.4238727Z</endTime>
  <complete>True</complete>
  <is_temp>False</is_temp>
  <is_readonly>True</is_readonly>
  <project_type>Run-From-Zip</project_type>
  <vsproject_id></vsproject_id>
</deployment>