﻿<?xml version="1.0" encoding="utf-8"?>
<deployment>
  <id>a7d0d91c5c5c4d2bac661c20d0d82ff3</id>
  <author>N/A</author>
  <deployer>ZipDeploy</deployer>
  <authorEmail>N/A</authorEmail>
  <message>Created via a push deployment</message>
  <progress></progress>
  <status>Success</status>
  <statusText></statusText>
  <lastSuccessEndTime>2025-08-04T08:36:05.4265954Z</lastSuccessEndTime>
  <receivedTime>2025-08-04T08:36:02.9105043Z</receivedTime>
  <startTime>2025-08-04T08:36:03.8480167Z</startTime>
  <endTime>2025-08-04T08:36:05.4265954Z</endTime>
  <complete>True</complete>
  <is_temp>False</is_temp>
  <is_readonly>True</is_readonly>
  <project_type>Run-From-Zip</project_type>
  <vsproject_id></vsproject_id>
</deployment>