<step title="Incoming Request" date="2025-07-30T02:19:44.014" instance="e13d73" url="/api/zipdeploy" method="POST" type="request" pid="3916,2,7" Content-Length="1647800" Content-Type="application/zip" Authorization="Bea..." Host="webhook-functions-sharepoint-002.scm.azurewebsites.net" If-Match="*" User-Agent="functions-core-tools/4.1.0" X-ARR-LOG-ID="403c239c-7133-4011-b813-b0e93cc11804" CLIENT-IP="104.55.129.222:58888" X-SITE-DEPLOYMENT-ID="webhook-functions-sharepoint-002" WAS-DEFAULT-HOSTNAME="webhook-functions-sharepoint-002.scm.azurewebsites.net" X-Forwarded-Proto="https" X-AppService-Proto="https" X-Forwarded-TlsVersion="1.2" X-WAWS-Unencoded-URL="/api/zipdeploy" >
  <step title="ZipPushDeploy" date="2025-07-30T02:19:44.107" >
    <step title="Functions App ZipDeploy. Run from package. Ignore remote build." date="2025-07-30T02:19:44.138" /><!-- duration: 31ms -->
    <step title="Starting PushDeployAsync" date="2025-07-30T02:19:44.185" /><!-- duration: 31ms -->
    <step title="Updating shutdown sentinel last write time" date="2025-07-30T02:19:44.342" SemaphoreCount="7" /><!-- duration: 31ms -->
    <step title="LockFile &apos;C:\home\site\locks\deployments.lock&apos; acquired" date="2025-07-30T02:19:44.388" /><!-- duration: 16ms -->
    <step title="Deleting outdated zip file C:\home\data\SitePackages\20250729230651.zip" date="2025-07-30T02:19:44.451" /><!-- duration: 47ms -->
    <step title="Saving request content to C:\home\data\SitePackages\20250730021944.zip" date="2025-07-30T02:19:44.529" >
      <step title="Total 1,647,800 bytes written to C:\home\data\SitePackages\20250730021944.zip" date="2025-07-30T02:19:44.607" /><!-- duration: 16ms -->
    </step><!-- duration: 229ms -->
    <step title="LockFile &apos;C:\home\site\locks\deployments.lock&apos; released" date="2025-07-30T02:19:44.789" /><!-- duration: 16ms -->
    <step title="Deleting shutdown sentinel file" date="2025-07-30T02:19:44.851" SemaphoreCount="8" /><!-- duration: 16ms -->
    <step title="Starting FetchDeploy" date="2025-07-30T02:19:44.898" /><!-- duration: 31ms -->
    <step title="Attempting to fetch target branch HEAD" date="2025-07-30T02:19:44.945" /><!-- duration: 31ms -->
    <step title="Updating shutdown sentinel last write time" date="2025-07-30T02:19:45.023" SemaphoreCount="7" /><!-- duration: 16ms -->
    <step title="LockFile &apos;C:\home\site\locks\deployments.lock&apos; acquired" date="2025-07-30T02:19:45.070" /><!-- duration: 31ms -->
    <step title="Performing fetch based deployment" date="2025-07-30T02:19:45.133" >
      <step title="Creating temporary deployment" date="2025-07-30T02:19:45.148" /><!-- duration: 141ms -->
      <step title="Fetching changes." date="2025-07-30T02:19:45.508" /><!-- duration: 16ms -->
      <step title="Starting LocalZipHandler" date="2025-07-30T02:19:45.570" /><!-- duration: 16ms -->
      <step title="Starting ExtractTriggers" date="2025-07-30T02:19:45.617" /><!-- duration: 16ms -->
      <step title="None repository commit" date="2025-07-30T02:19:45.773" >
        <step title="Commit id: 8be2873a85a74251abe8934ecf03a599" date="2025-07-30T02:19:45.789" Message="Created via a push deployment" AuthorName="N/A" AuthorEmail="N/A" /><!-- duration: 31ms -->
      </step><!-- duration: 63ms -->
      <step title="Before sending BuildRequestReceived status to /api/updatedeploystatus" date="2025-07-30T02:19:45.851" /><!-- duration: 16ms -->
      <step title="DeploymentManager.Deploy(id:8be2873a85a74251abe8934ecf03a599)" date="2025-07-30T02:19:45.898" >
        <step title="Collecting changeset information" date="2025-07-30T02:19:45.945" /><!-- duration: 156ms -->
        <step title="Updating submodules" date="2025-07-30T02:19:46.117" >
          <step title="Updating submodules." date="2025-07-30T02:19:46.289" /><!-- duration: 31ms -->
        </step><!-- duration: 234ms -->
        <step title="Preparing deployment for commit id &apos;8be2873a85&apos;." date="2025-07-30T02:19:46.554" /><!-- duration: 16ms -->
        <step title="Determining deployment builder" date="2025-07-30T02:19:46.789" >
          <step title="Builder is RunFromZipSiteBuilder" date="2025-07-30T02:19:46.804" /><!-- duration: 16ms -->
        </step><!-- duration: 47ms -->
        <step title="Copying SSH keys" date="2025-07-30T02:19:46.929" /><!-- duration: 31ms -->
        <step title="Building" date="2025-07-30T02:19:46.976" >
          <step title="Skipping build. Project type: Run-From-Zip" date="2025-07-30T02:19:47.179" /><!-- duration: 33ms -->
          <step title="Skipping post build. Project type: Run-From-Zip" date="2025-07-30T02:19:47.399" /><!-- duration: 31ms -->
          <step title="Triggering recycle (preview mode disabled)." date="2025-07-30T02:19:47.633" /><!-- duration: 16ms -->
          <step title="Ignoring FS watcher based recycle request as this is a classic Windows app." date="2025-07-30T02:19:47.696" /><!-- duration: 16ms -->
          <step title="Deployment successful. DEPLOYMENTINFO: deploymentPath = Functions App ZipDeploy. Run from package. Ignore remote build., deployer = ZipDeploy, os = windows, sku = Dynamic, language = node, siteName = webhook-functions-sharepoint-002, slotName = Production, siteHostName = webhook-functions-sharepoint-002.azurewebsites.net, deploymentStatus = Success" date="2025-07-30T02:19:47.899" /><!-- duration: 31ms -->
          <step title="Purge deployment items" date="2025-07-30T02:19:48.555" >
            <step title="Remove d500fdede, Success, received at 7/29/2025 9:29:39 PM" date="2025-07-30T02:19:48.805" /><!-- duration: 16ms -->
          </step><!-- duration: 281ms -->
        </step><!-- duration: 1954ms -->
      </step><!-- duration: 3048ms -->
      <step title="Cleaning up temp files" date="2025-07-30T02:19:48.977" /><!-- duration: 16ms -->
      <step title="Updating C:\home\data\SitePackages\packagename.txt with deployment 20250730021944.zip" date="2025-07-30T02:19:49.008" /><!-- duration: 78ms -->
      <step title="Begin HttpPost https://webhook-functions-sharepoint-002.scm.azurewebsites.net/operations/settriggers, x-ms-request-id: 403c239c-7133-4011-b813-b0e93cc11804" date="2025-07-30T02:19:49.133" /><!-- duration: 31ms -->
      <step title="End HttpPost, status: OK" date="2025-07-30T02:19:49.368" /><!-- duration: 16ms -->
      <step title="Scheduling background sync triggers after delay" date="2025-07-30T02:19:49.399" /><!-- duration: 31ms -->
    </step><!-- duration: 4517ms -->
    <step title="LockFile &apos;C:\home\site\locks\deployments.lock&apos; released" date="2025-07-30T02:19:49.680" /><!-- duration: 16ms -->
  </step><!-- duration: 5636ms -->
  <step title="Outgoing response" date="2025-07-30T02:19:49.758" type="response" statusCode="200" statusText="OK" Server="Microsoft-IIS/10.0" x-ms-request-id="403c239c-7133-4011-b813-b0e93cc11804" Cache-Control="private" X-AspNet-Version="4.0.30319" /><!-- duration: 31ms -->
</step><!-- duration: 5854ms -->
