<step title="Incoming Request" date="2025-07-30T03:33:28.359" instance="f3ced3" url="/api/zipdeploy" method="POST" type="request" pid="500,2,9" Content-Length="1647026" Content-Type="application/zip" Authorization="Bea..." Host="webhook-functions-sharepoint-002.scm.azurewebsites.net" If-Match="*" User-Agent="functions-core-tools/4.1.0" X-ARR-LOG-ID="3bf15681-b426-4c25-acdc-bdc6f359b44d" CLIENT-IP="104.55.129.222:51536" X-SITE-DEPLOYMENT-ID="webhook-functions-sharepoint-002" WAS-DEFAULT-HOSTNAME="webhook-functions-sharepoint-002.scm.azurewebsites.net" X-Forwarded-Proto="https" X-AppService-Proto="https" X-Forwarded-TlsVersion="1.2" X-WAWS-Unencoded-URL="/api/zipdeploy" >
  <step title="ZipPushDeploy" date="2025-07-30T03:33:28.422" >
    <step title="Functions App ZipDeploy. Run from package. Ignore remote build." date="2025-07-30T03:33:28.484" /><!-- duration: 16ms -->
    <step title="Starting PushDeployAsync" date="2025-07-30T03:33:28.531" /><!-- duration: 16ms -->
    <step title="Updating shutdown sentinel last write time" date="2025-07-30T03:33:28.640" SemaphoreCount="7" /><!-- duration: 31ms -->
    <step title="LockFile &apos;C:\home\site\locks\deployments.lock&apos; acquired" date="2025-07-30T03:33:28.687" /><!-- duration: 31ms -->
    <step title="Deleting outdated zip file C:\home\data\SitePackages\20250730030715.zip" date="2025-07-30T03:33:28.765" /><!-- duration: 47ms -->
    <step title="Saving request content to C:\home\data\SitePackages\20250730033328.zip" date="2025-07-30T03:33:28.828" >
      <step title="Total 1,647,026 bytes written to C:\home\data\SitePackages\20250730033328.zip" date="2025-07-30T03:33:28.922" /><!-- duration: 16ms -->
    </step><!-- duration: 203ms -->
    <step title="LockFile &apos;C:\home\site\locks\deployments.lock&apos; released" date="2025-07-30T03:33:29.078" /><!-- duration: 16ms -->
    <step title="Deleting shutdown sentinel file" date="2025-07-30T03:33:29.140" SemaphoreCount="8" /><!-- duration: 16ms -->
    <step title="Starting FetchDeploy" date="2025-07-30T03:33:29.172" /><!-- duration: 31ms -->
    <step title="Attempting to fetch target branch HEAD" date="2025-07-30T03:33:29.218" /><!-- duration: 16ms -->
    <step title="Updating shutdown sentinel last write time" date="2025-07-30T03:33:29.281" SemaphoreCount="7" /><!-- duration: 16ms -->
    <step title="LockFile &apos;C:\home\site\locks\deployments.lock&apos; acquired" date="2025-07-30T03:33:29.312" /><!-- duration: 31ms -->
    <step title="Performing fetch based deployment" date="2025-07-30T03:33:29.359" >
      <step title="Creating temporary deployment" date="2025-07-30T03:33:29.390" /><!-- duration: 172ms -->
      <step title="Fetching changes." date="2025-07-30T03:33:29.797" /><!-- duration: 16ms -->
      <step title="Starting LocalZipHandler" date="2025-07-30T03:33:29.859" /><!-- duration: 16ms -->
      <step title="Starting ExtractTriggers" date="2025-07-30T03:33:29.906" /><!-- duration: 16ms -->
      <step title="None repository commit" date="2025-07-30T03:33:30.078" >
        <step title="Commit id: 5fee469acfa7427fb2e689904d234f1c" date="2025-07-30T03:33:30.093" Message="Created via a push deployment" AuthorName="N/A" AuthorEmail="N/A" /><!-- duration: 33ms -->
      </step><!-- duration: 63ms -->
      <step title="Before sending BuildRequestReceived status to /api/updatedeploystatus" date="2025-07-30T03:33:30.172" /><!-- duration: 16ms -->
      <step title="DeploymentManager.Deploy(id:5fee469acfa7427fb2e689904d234f1c)" date="2025-07-30T03:33:30.219" >
        <step title="Collecting changeset information" date="2025-07-30T03:33:30.265" /><!-- duration: 156ms -->
        <step title="Updating submodules" date="2025-07-30T03:33:30.453" >
          <step title="Updating submodules." date="2025-07-30T03:33:30.640" /><!-- duration: 31ms -->
        </step><!-- duration: 250ms -->
        <step title="Preparing deployment for commit id &apos;5fee469acf&apos;." date="2025-07-30T03:33:30.922" /><!-- duration: 16ms -->
        <step title="Determining deployment builder" date="2025-07-30T03:33:31.125" >
          <step title="Builder is RunFromZipSiteBuilder" date="2025-07-30T03:33:31.157" /><!-- duration: 16ms -->
        </step><!-- duration: 63ms -->
        <step title="Copying SSH keys" date="2025-07-30T03:33:31.282" /><!-- duration: 47ms -->
        <step title="Building" date="2025-07-30T03:33:31.344" >
          <step title="Skipping build. Project type: Run-From-Zip" date="2025-07-30T03:33:31.594" /><!-- duration: 16ms -->
          <step title="Skipping post build. Project type: Run-From-Zip" date="2025-07-30T03:33:31.860" /><!-- duration: 16ms -->
          <step title="Triggering recycle (preview mode disabled)." date="2025-07-30T03:33:32.110" /><!-- duration: 16ms -->
          <step title="Ignoring FS watcher based recycle request as this is a classic Windows app." date="2025-07-30T03:33:32.172" /><!-- duration: 16ms -->
          <step title="Deployment successful. DEPLOYMENTINFO: deploymentPath = Functions App ZipDeploy. Run from package. Ignore remote build., deployer = ZipDeploy, os = windows, sku = Dynamic, language = node, siteName = webhook-functions-sharepoint-002, slotName = Production, siteHostName = webhook-functions-sharepoint-002.azurewebsites.net, deploymentStatus = Success" date="2025-07-30T03:33:32.375" /><!-- duration: 31ms -->
          <step title="Purge deployment items" date="2025-07-30T03:33:33.110" >
            <step title="Remove cfafabd91, Success, received at 7/30/2025 2:37:35 AM" date="2025-07-30T03:33:33.391" /><!-- duration: 31ms -->
          </step><!-- duration: 328ms -->
        </step><!-- duration: 2188ms -->
      </step><!-- duration: 3344ms -->
      <step title="Cleaning up temp files" date="2025-07-30T03:33:33.579" /><!-- duration: 31ms -->
      <step title="Updating C:\home\data\SitePackages\packagename.txt with deployment 20250730033328.zip" date="2025-07-30T03:33:33.642" /><!-- duration: 62ms -->
      <step title="Begin HttpPost https://webhook-functions-sharepoint-002.scm.azurewebsites.net/operations/settriggers, x-ms-request-id: 3bf15681-b426-4c25-acdc-bdc6f359b44d" date="2025-07-30T03:33:33.782" /><!-- duration: 16ms -->
      <step title="End HttpPost, status: OK" date="2025-07-30T03:33:33.938" /><!-- duration: 47ms -->
      <step title="Scheduling background sync triggers after delay" date="2025-07-30T03:33:34.016" /><!-- duration: 16ms -->
    </step><!-- duration: 4907ms -->
    <step title="LockFile &apos;C:\home\site\locks\deployments.lock&apos; released" date="2025-07-30T03:33:34.297" /><!-- duration: 31ms -->
  </step><!-- duration: 5938ms -->
  <step title="Outgoing response" date="2025-07-30T03:33:34.375" type="response" statusCode="200" statusText="OK" Server="Microsoft-IIS/10.0" x-ms-request-id="3bf15681-b426-4c25-acdc-bdc6f359b44d" Cache-Control="private" X-AspNet-Version="4.0.30319" /><!-- duration: 31ms -->
</step><!-- duration: 6063ms -->
