<step title="Incoming Request" date="2025-07-30T03:02:06.616" instance="e13d73" url="/api/zipdeploy" method="POST" type="request" pid="4044,2,24" Content-Length="1651472" Content-Type="application/zip" Authorization="Bea..." Host="webhook-functions-sharepoint-002.scm.azurewebsites.net" If-Match="*" User-Agent="functions-core-tools/4.1.0" X-ARR-LOG-ID="5c9f9ccb-0fa8-4d47-b6d5-edfa9b80e02f" CLIENT-IP="104.55.129.222:63229" X-SITE-DEPLOYMENT-ID="webhook-functions-sharepoint-002" WAS-DEFAULT-HOSTNAME="webhook-functions-sharepoint-002.scm.azurewebsites.net" X-Forwarded-Proto="https" X-AppService-Proto="https" X-Forwarded-TlsVersion="1.2" X-WAWS-Unencoded-URL="/api/zipdeploy" >
  <step title="ZipPushDeploy" date="2025-07-30T03:02:06.741" >
    <step title="Functions App ZipDeploy. Run from package. Ignore remote build." date="2025-07-30T03:02:06.772" /><!-- duration: 16ms -->
    <step title="Starting PushDeployAsync" date="2025-07-30T03:02:06.819" /><!-- duration: 16ms -->
    <step title="Updating shutdown sentinel last write time" date="2025-07-30T03:02:06.882" SemaphoreCount="6" /><!-- duration: 31ms -->
    <step title="LockFile &apos;C:\home\site\locks\deployments.lock&apos; acquired" date="2025-07-30T03:02:06.928" /><!-- duration: 31ms -->
    <step title="Deleting outdated zip file C:\home\data\SitePackages\20250730025915.zip" date="2025-07-30T03:02:07.007" /><!-- duration: 47ms -->
    <step title="Saving request content to C:\home\data\SitePackages\20250730030206.zip" date="2025-07-30T03:02:07.085" >
      <step title="Total 1,651,472 bytes written to C:\home\data\SitePackages\20250730030206.zip" date="2025-07-30T03:02:07.147" /><!-- duration: 31ms -->
    </step><!-- duration: 156ms -->
    <step title="LockFile &apos;C:\home\site\locks\deployments.lock&apos; released" date="2025-07-30T03:02:07.272" /><!-- duration: 47ms -->
    <step title="Starting FetchDeploy" date="2025-07-30T03:02:07.350" /><!-- duration: 31ms -->
    <step title="Attempting to fetch target branch HEAD" date="2025-07-30T03:02:07.397" /><!-- duration: 31ms -->
    <step title="Updating shutdown sentinel last write time" date="2025-07-30T03:02:07.475" SemaphoreCount="6" /><!-- duration: 16ms -->
    <step title="LockFile &apos;C:\home\site\locks\deployments.lock&apos; acquired" date="2025-07-30T03:02:07.522" /><!-- duration: 16ms -->
    <step title="Performing fetch based deployment" date="2025-07-30T03:02:07.569" >
      <step title="Creating temporary deployment" date="2025-07-30T03:02:07.585" /><!-- duration: 141ms -->
      <step title="Fetching changes." date="2025-07-30T03:02:07.929" /><!-- duration: 31ms -->
      <step title="Starting LocalZipHandler" date="2025-07-30T03:02:08.022" /><!-- duration: 31ms -->
      <step title="Starting ExtractTriggers" date="2025-07-30T03:02:08.069" /><!-- duration: 31ms -->
      <step title="None repository commit" date="2025-07-30T03:02:08.225" >
        <step title="Commit id: 4864dbc07ccd4043b65c763124e0ae05" date="2025-07-30T03:02:08.257" Message="Created via a push deployment" AuthorName="N/A" AuthorEmail="N/A" /><!-- duration: 16ms -->
      </step><!-- duration: 79ms -->
      <step title="Before sending BuildRequestReceived status to /api/updatedeploystatus" date="2025-07-30T03:02:08.319" /><!-- duration: 31ms -->
      <step title="DeploymentManager.Deploy(id:4864dbc07ccd4043b65c763124e0ae05)" date="2025-07-30T03:02:08.366" >
        <step title="Collecting changeset information" date="2025-07-30T03:02:08.460" /><!-- duration: 156ms -->
        <step title="Updating submodules" date="2025-07-30T03:02:08.648" >
          <step title="Updating submodules." date="2025-07-30T03:02:08.835" /><!-- duration: 31ms -->
        </step><!-- duration: 266ms -->
        <step title="Preparing deployment for commit id &apos;4864dbc07c&apos;." date="2025-07-30T03:02:09.117" /><!-- duration: 47ms -->
        <step title="Determining deployment builder" date="2025-07-30T03:02:09.351" >
          <step title="Builder is RunFromZipSiteBuilder" date="2025-07-30T03:02:09.398" /><!-- duration: 16ms -->
        </step><!-- duration: 94ms -->
        <step title="Copying SSH keys" date="2025-07-30T03:02:09.523" /><!-- duration: 31ms -->
        <step title="Building" date="2025-07-30T03:02:09.585" >
          <step title="Skipping build. Project type: Run-From-Zip" date="2025-07-30T03:02:09.789" /><!-- duration: 31ms -->
          <step title="Skipping post build. Project type: Run-From-Zip" date="2025-07-30T03:02:10.070" /><!-- duration: 31ms -->
          <step title="Triggering recycle (preview mode disabled)." date="2025-07-30T03:02:10.335" /><!-- duration: 31ms -->
          <step title="Ignoring FS watcher based recycle request as this is a classic Windows app." date="2025-07-30T03:02:10.429" /><!-- duration: 31ms -->
          <step title="Deployment successful. DEPLOYMENTINFO: deploymentPath = Functions App ZipDeploy. Run from package. Ignore remote build., deployer = ZipDeploy, os = windows, sku = Dynamic, language = node, siteName = webhook-functions-sharepoint-002, slotName = Production, siteHostName = webhook-functions-sharepoint-002.azurewebsites.net, deploymentStatus = Success" date="2025-07-30T03:02:10.648" /><!-- duration: 31ms -->
          <step title="Purge deployment items" date="2025-07-30T03:02:11.195" >
            <step title="Remove da46efe90, Success, received at 7/29/2025 11:06:53 PM" date="2025-07-30T03:02:11.492" /><!-- duration: 16ms -->
          </step><!-- duration: 344ms -->
        </step><!-- duration: 2031ms -->
      </step><!-- duration: 3282ms -->
      <step title="Cleaning up temp files" date="2025-07-30T03:02:11.679" /><!-- duration: 31ms -->
      <step title="Updating C:\home\data\SitePackages\packagename.txt with deployment 20250730030206.zip" date="2025-07-30T03:02:11.726" /><!-- duration: 47ms -->
      <step title="Begin HttpPost https://webhook-functions-sharepoint-002.scm.azurewebsites.net/operations/settriggers, x-ms-request-id: 5c9f9ccb-0fa8-4d47-b6d5-edfa9b80e02f" date="2025-07-30T03:02:11.820" /><!-- duration: 31ms -->
      <step title="End HttpPost, status: OK" date="2025-07-30T03:02:11.960" /><!-- duration: 31ms -->
      <step title="Scheduling background sync triggers after delay" date="2025-07-30T03:02:12.023" /><!-- duration: 31ms -->
    </step><!-- duration: 4688ms -->
    <step title="LockFile &apos;C:\home\site\locks\deployments.lock&apos; released" date="2025-07-30T03:02:12.304" /><!-- duration: 31ms -->
  </step><!-- duration: 5626ms -->
  <step title="Outgoing response" date="2025-07-30T03:02:12.398" type="response" statusCode="200" statusText="OK" Server="Microsoft-IIS/10.0" x-ms-request-id="5c9f9ccb-0fa8-4d47-b6d5-edfa9b80e02f" Cache-Control="private" X-AspNet-Version="4.0.30319" /><!-- duration: 31ms -->
</step><!-- duration: 5844ms -->
