<step title="Incoming Request" date="2025-08-04T16:58:30.581" instance="033c91" url="/api/zipdeploy" method="POST" type="request" pid="5980,2,7" Content-Length="1666894" Content-Type="application/zip" Authorization="Bea..." Host="webhook-functions-sharepoint-002.scm.azurewebsites.net" If-Match="*" User-Agent="functions-core-tools/4.1.0" X-ARR-LOG-ID="4a4d96de-d2be-4725-9b28-ebc05f872d4f" CLIENT-IP="131.239.142.46:51032" X-SITE-DEPLOYMENT-ID="webhook-functions-sharepoint-002" WAS-DEFAULT-HOSTNAME="webhook-functions-sharepoint-002.scm.azurewebsites.net" X-Forwarded-Proto="https" X-AppService-Proto="https" X-Forwarded-TlsVersion="1.2" X-WAWS-Unencoded-URL="/api/zipdeploy" >
  <step title="ZipPushDeploy" date="2025-08-04T16:58:30.675" >
    <step title="Functions App ZipDeploy. Run from package. Ignore remote build." date="2025-08-04T16:58:30.721" /><!-- duration: 16ms -->
    <step title="Starting PushDeployAsync" date="2025-08-04T16:58:30.768" /><!-- duration: 31ms -->
    <step title="Updating shutdown sentinel last write time" date="2025-08-04T16:58:30.971" SemaphoreCount="7" /><!-- duration: 16ms -->
    <step title="LockFile &apos;C:\home\site\locks\deployments.lock&apos; acquired" date="2025-08-04T16:58:31.018" /><!-- duration: 16ms -->
    <step title="Deleting outdated zip file C:\home\data\SitePackages\20250804152536.zip" date="2025-08-04T16:58:31.096" /><!-- duration: 47ms -->
    <step title="Saving request content to C:\home\data\SitePackages\20250804165830.zip" date="2025-08-04T16:58:31.159" >
      <step title="Total 1,666,894 bytes written to C:\home\data\SitePackages\20250804165830.zip" date="2025-08-04T16:58:31.268" /><!-- duration: 32ms -->
    </step><!-- duration: 251ms -->
    <step title="LockFile &apos;C:\home\site\locks\deployments.lock&apos; released" date="2025-08-04T16:58:31.457" /><!-- duration: 31ms -->
    <step title="Deleting shutdown sentinel file" date="2025-08-04T16:58:31.520" SemaphoreCount="8" /><!-- duration: 31ms -->
    <step title="Starting FetchDeploy" date="2025-08-04T16:58:31.582" /><!-- duration: 16ms -->
    <step title="Attempting to fetch target branch HEAD" date="2025-08-04T16:58:31.629" /><!-- duration: 31ms -->
    <step title="Updating shutdown sentinel last write time" date="2025-08-04T16:58:31.707" SemaphoreCount="7" /><!-- duration: 47ms -->
    <step title="LockFile &apos;C:\home\site\locks\deployments.lock&apos; acquired" date="2025-08-04T16:58:31.785" /><!-- duration: 31ms -->
    <step title="Performing fetch based deployment" date="2025-08-04T16:58:31.832" >
      <step title="Creating temporary deployment" date="2025-08-04T16:58:31.863" /><!-- duration: 160ms -->
      <step title="Fetching changes." date="2025-08-04T16:58:32.289" /><!-- duration: 47ms -->
      <step title="Starting LocalZipHandler" date="2025-08-04T16:58:32.414" /><!-- duration: 31ms -->
      <step title="Starting ExtractTriggers" date="2025-08-04T16:58:32.476" /><!-- duration: 31ms -->
      <step title="None repository commit" date="2025-08-04T16:58:32.648" >
        <step title="Commit id: 30c2ef1d31c5475fa555247cde388aec" date="2025-08-04T16:58:32.679" Message="Created via a push deployment" AuthorName="N/A" AuthorEmail="N/A" /><!-- duration: 16ms -->
      </step><!-- duration: 63ms -->
      <step title="Before sending BuildRequestReceived status to /api/updatedeploystatus" date="2025-08-04T16:58:32.742" /><!-- duration: 15ms -->
      <step title="DeploymentManager.Deploy(id:30c2ef1d31c5475fa555247cde388aec)" date="2025-08-04T16:58:32.805" >
        <step title="Collecting changeset information" date="2025-08-04T16:58:32.851" /><!-- duration: 203ms -->
        <step title="Updating submodules" date="2025-08-04T16:58:33.086" >
          <step title="Updating submodules." date="2025-08-04T16:58:33.289" /><!-- duration: 16ms -->
        </step><!-- duration: 266ms -->
        <step title="Preparing deployment for commit id &apos;30c2ef1d31&apos;." date="2025-08-04T16:58:33.570" /><!-- duration: 31ms -->
        <step title="Determining deployment builder" date="2025-08-04T16:58:33.806" >
          <step title="Builder is RunFromZipSiteBuilder" date="2025-08-04T16:58:33.837" /><!-- duration: 16ms -->
        </step><!-- duration: 78ms -->
        <step title="Copying SSH keys" date="2025-08-04T16:58:33.962" /><!-- duration: 47ms -->
        <step title="Building" date="2025-08-04T16:58:34.025" >
          <step title="Skipping build. Project type: Run-From-Zip" date="2025-08-04T16:58:34.259" /><!-- duration: 16ms -->
          <step title="Skipping post build. Project type: Run-From-Zip" date="2025-08-04T16:58:34.494" /><!-- duration: 16ms -->
          <step title="Triggering recycle (preview mode disabled)." date="2025-08-04T16:58:34.744" /><!-- duration: 125ms -->
          <step title="Ignoring FS watcher based recycle request as this is a classic Windows app." date="2025-08-04T16:58:34.916" /><!-- duration: 31ms -->
          <step title="Deployment successful. DEPLOYMENTINFO: deploymentPath = Functions App ZipDeploy. Run from package. Ignore remote build., deployer = ZipDeploy, os = windows, sku = Dynamic, language = node, siteName = webhook-functions-sharepoint-002, slotName = Production, siteHostName = webhook-functions-sharepoint-002.azurewebsites.net, deploymentStatus = Success" date="2025-08-04T16:58:35.150" /><!-- duration: 31ms -->
          <step title="Purge deployment items" date="2025-08-04T16:58:35.855" >
            <step title="Remove 398ac3ec0, Success, received at 8/4/2025 8:02:05 AM" date="2025-08-04T16:58:36.151" /><!-- duration: 31ms -->
          </step><!-- duration: 359ms -->
        </step><!-- duration: 2282ms -->
      </step><!-- duration: 3518ms -->
      <step title="Cleaning up temp files" date="2025-08-04T16:58:36.338" /><!-- duration: 31ms -->
      <step title="Updating C:\home\data\SitePackages\packagename.txt with deployment 20250804165830.zip" date="2025-08-04T16:58:36.401" /><!-- duration: 78ms -->
      <step title="Begin HttpPost https://webhook-functions-sharepoint-002.scm.azurewebsites.net/operations/settriggers, x-ms-request-id: 4a4d96de-d2be-4725-9b28-ebc05f872d4f" date="2025-08-04T16:58:36.541" /><!-- duration: 32ms -->
      <step title="End HttpPost, status: OK" date="2025-08-04T16:58:36.838" /><!-- duration: 16ms -->
      <step title="Scheduling background sync triggers after delay" date="2025-08-04T16:58:36.885" /><!-- duration: 31ms -->
    </step><!-- duration: 5334ms -->
    <step title="LockFile &apos;C:\home\site\locks\deployments.lock&apos; released" date="2025-08-04T16:58:37.198" /><!-- duration: 16ms -->
  </step><!-- duration: 6601ms -->
  <step title="Outgoing response" date="2025-08-04T16:58:37.323" type="response" statusCode="200" statusText="OK" Server="Microsoft-IIS/10.0" x-ms-request-id="4a4d96de-d2be-4725-9b28-ebc05f872d4f" Cache-Control="private" X-AspNet-Version="4.0.30319" /><!-- duration: 16ms -->
</step><!-- duration: 6789ms -->
