<step title="Incoming Request" date="2025-08-04T17:10:16.212" instance="033c91" url="/api/zipdeploy" method="POST" type="request" pid="7764,2,8" Content-Length="1663691" Content-Type="application/zip" Authorization="Bea..." Host="webhook-functions-sharepoint-002.scm.azurewebsites.net" If-Match="*" User-Agent="functions-core-tools/4.1.0" X-ARR-LOG-ID="f6cb3074-cb1f-44a1-80ab-47f384d01540" CLIENT-IP="131.239.142.46:52962" X-SITE-DEPLOYMENT-ID="webhook-functions-sharepoint-002" WAS-DEFAULT-HOSTNAME="webhook-functions-sharepoint-002.scm.azurewebsites.net" X-Forwarded-Proto="https" X-AppService-Proto="https" X-Forwarded-TlsVersion="1.2" X-WAWS-Unencoded-URL="/api/zipdeploy" >
  <step title="ZipPushDeploy" date="2025-08-04T17:10:16.322" >
    <step title="Functions App ZipDeploy. Run from package. Ignore remote build." date="2025-08-04T17:10:16.353" /><!-- duration: 31ms -->
    <step title="Starting PushDeployAsync" date="2025-08-04T17:10:16.416" /><!-- duration: 31ms -->
    <step title="Updating shutdown sentinel last write time" date="2025-08-04T17:10:16.509" SemaphoreCount="7" /><!-- duration: 31ms -->
    <step title="LockFile &apos;C:\home\site\locks\deployments.lock&apos; acquired" date="2025-08-04T17:10:16.666" /><!-- duration: 31ms -->
    <step title="Deleting outdated zip file C:\home\data\SitePackages\20250804165830.zip" date="2025-08-04T17:10:16.759" /><!-- duration: 47ms -->
    <step title="Saving request content to C:\home\data\SitePackages\20250804171016.zip" date="2025-08-04T17:10:16.853" >
      <step title="Total 1,663,691 bytes written to C:\home\data\SitePackages\20250804171016.zip" date="2025-08-04T17:10:16.931" /><!-- duration: 31ms -->
    </step><!-- duration: 219ms -->
    <step title="LockFile &apos;C:\home\site\locks\deployments.lock&apos; released" date="2025-08-04T17:10:17.119" /><!-- duration: 31ms -->
    <step title="Deleting shutdown sentinel file" date="2025-08-04T17:10:17.197" SemaphoreCount="8" /><!-- duration: 31ms -->
    <step title="Starting FetchDeploy" date="2025-08-04T17:10:17.259" /><!-- duration: 31ms -->
    <step title="Attempting to fetch target branch HEAD" date="2025-08-04T17:10:17.322" /><!-- duration: 47ms -->
    <step title="Updating shutdown sentinel last write time" date="2025-08-04T17:10:17.400" SemaphoreCount="7" /><!-- duration: 31ms -->
    <step title="LockFile &apos;C:\home\site\locks\deployments.lock&apos; acquired" date="2025-08-04T17:10:17.463" /><!-- duration: 31ms -->
    <step title="Performing fetch based deployment" date="2025-08-04T17:10:17.525" >
      <step title="Creating temporary deployment" date="2025-08-04T17:10:17.556" /><!-- duration: 172ms -->
      <step title="Fetching changes." date="2025-08-04T17:10:17.994" /><!-- duration: 31ms -->
      <step title="Starting LocalZipHandler" date="2025-08-04T17:10:18.103" /><!-- duration: 31ms -->
      <step title="Starting ExtractTriggers" date="2025-08-04T17:10:18.166" /><!-- duration: 31ms -->
      <step title="None repository commit" date="2025-08-04T17:10:18.322" >
        <step title="Commit id: 5913310c98df4ad9bc591aed54094b9e" date="2025-08-04T17:10:18.369" Message="Created via a push deployment" AuthorName="N/A" AuthorEmail="N/A" /><!-- duration: 16ms -->
      </step><!-- duration: 94ms -->
      <step title="Before sending BuildRequestReceived status to /api/updatedeploystatus" date="2025-08-04T17:10:18.447" /><!-- duration: 31ms -->
      <step title="DeploymentManager.Deploy(id:5913310c98df4ad9bc591aed54094b9e)" date="2025-08-04T17:10:18.509" >
        <step title="Collecting changeset information" date="2025-08-04T17:10:18.572" /><!-- duration: 187ms -->
        <step title="Updating submodules" date="2025-08-04T17:10:18.791" >
          <step title="Updating submodules." date="2025-08-04T17:10:19.009" /><!-- duration: 31ms -->
        </step><!-- duration: 313ms -->
        <step title="Preparing deployment for commit id &apos;5913310c98&apos;." date="2025-08-04T17:10:19.339" /><!-- duration: 30ms -->
        <step title="Determining deployment builder" date="2025-08-04T17:10:19.685" >
          <step title="Builder is RunFromZipSiteBuilder" date="2025-08-04T17:10:19.717" /><!-- duration: 47ms -->
        </step><!-- duration: 94ms -->
        <step title="Copying SSH keys" date="2025-08-04T17:10:19.889" /><!-- duration: 47ms -->
        <step title="Building" date="2025-08-04T17:10:19.967" >
          <step title="Skipping build. Project type: Run-From-Zip" date="2025-08-04T17:10:20.170" /><!-- duration: 31ms -->
          <step title="Skipping post build. Project type: Run-From-Zip" date="2025-08-04T17:10:20.467" /><!-- duration: 31ms -->
          <step title="Triggering recycle (preview mode disabled)." date="2025-08-04T17:10:20.748" /><!-- duration: 31ms -->
          <step title="Ignoring FS watcher based recycle request as this is a classic Windows app." date="2025-08-04T17:10:20.842" /><!-- duration: 31ms -->
          <step title="Deployment successful. DEPLOYMENTINFO: deploymentPath = Functions App ZipDeploy. Run from package. Ignore remote build., deployer = ZipDeploy, os = windows, sku = Dynamic, language = node, siteName = webhook-functions-sharepoint-002, slotName = Production, siteHostName = webhook-functions-sharepoint-002.azurewebsites.net, deploymentStatus = Success" date="2025-08-04T17:10:21.092" /><!-- duration: 31ms -->
          <step title="Purge deployment items" date="2025-08-04T17:10:21.828" >
            <step title="Remove 435c32985, Success, received at 8/4/2025 8:30:50 AM" date="2025-08-04T17:10:22.140" /><!-- duration: 31ms -->
          </step><!-- duration: 375ms -->
        </step><!-- duration: 2376ms -->
      </step><!-- duration: 3881ms -->
      <step title="Cleaning up temp files" date="2025-08-04T17:10:22.406" /><!-- duration: 32ms -->
      <step title="Updating C:\home\data\SitePackages\packagename.txt with deployment 20250804171016.zip" date="2025-08-04T17:10:22.468" /><!-- duration: 78ms -->
      <step title="Begin HttpPost https://webhook-functions-sharepoint-002.scm.azurewebsites.net/operations/settriggers, x-ms-request-id: f6cb3074-cb1f-44a1-80ab-47f384d01540" date="2025-08-04T17:10:22.609" /><!-- duration: 47ms -->
      <step title="End HttpPost, status: OK" date="2025-08-04T17:10:22.828" /><!-- duration: 62ms -->
      <step title="Scheduling background sync triggers after delay" date="2025-08-04T17:10:22.906" /><!-- duration: 31ms -->
    </step><!-- duration: 5678ms -->
    <step title="LockFile &apos;C:\home\site\locks\deployments.lock&apos; released" date="2025-08-04T17:10:23.249" /><!-- duration: 31ms -->
  </step><!-- duration: 7006ms -->
  <step title="Outgoing response" date="2025-08-04T17:10:23.359" type="response" statusCode="200" statusText="OK" Server="Microsoft-IIS/10.0" x-ms-request-id="f6cb3074-cb1f-44a1-80ab-47f384d01540" Cache-Control="private" X-AspNet-Version="4.0.30319" /><!-- duration: 31ms -->
</step><!-- duration: 7194ms -->
