<step title="Incoming Request" date="2025-08-04T08:02:03.639" instance="c1f1fa" url="/api/zipdeploy" method="POST" type="request" pid="4236,2,9" Content-Length="1663633" Content-Type="application/zip" Authorization="Bea..." Host="webhook-functions-sharepoint-002.scm.azurewebsites.net" If-Match="*" User-Agent="functions-core-tools/4.1.0" X-ARR-LOG-ID="a9499f97-7344-46d5-899d-b54c5903a0af" CLIENT-IP="104.55.129.222:61966" X-SITE-DEPLOYMENT-ID="webhook-functions-sharepoint-002" WAS-DEFAULT-HOSTNAME="webhook-functions-sharepoint-002.scm.azurewebsites.net" X-Forwarded-Proto="https" X-AppService-Proto="https" X-Forwarded-TlsVersion="1.2" X-WAWS-Unencoded-URL="/api/zipdeploy" >
  <step title="ZipPushDeploy" date="2025-08-04T08:02:03.842" >
    <step title="Functions App ZipDeploy. Run from package. Ignore remote build." date="2025-08-04T08:02:03.889" /><!-- duration: 31ms -->
    <step title="Starting PushDeployAsync" date="2025-08-04T08:02:03.936" /><!-- duration: 31ms -->
    <step title="Updating shutdown sentinel last write time" date="2025-08-04T08:02:04.045" SemaphoreCount="7" /><!-- duration: 47ms -->
    <step title="LockFile &apos;C:\home\site\locks\deployments.lock&apos; acquired" date="2025-08-04T08:02:04.108" /><!-- duration: 31ms -->
    <step title="Deleting outdated zip file C:\home\data\SitePackages\20250804072025.zip" date="2025-08-04T08:02:04.186" /><!-- duration: 47ms -->
    <step title="Saving request content to C:\home\data\SitePackages\20250804080203.zip" date="2025-08-04T08:02:04.264" >
      <step title="Total 1,663,633 bytes written to C:\home\data\SitePackages\20250804080203.zip" date="2025-08-04T08:02:04.358" /><!-- duration: 16ms -->
    </step><!-- duration: 203ms -->
    <step title="LockFile &apos;C:\home\site\locks\deployments.lock&apos; released" date="2025-08-04T08:02:04.498" /><!-- duration: 16ms -->
    <step title="Deleting shutdown sentinel file" date="2025-08-04T08:02:04.561" SemaphoreCount="8" /><!-- duration: 16ms -->
    <step title="Starting FetchDeploy" date="2025-08-04T08:02:04.608" /><!-- duration: 31ms -->
    <step title="Attempting to fetch target branch HEAD" date="2025-08-04T08:02:04.654" /><!-- duration: 31ms -->
    <step title="Updating shutdown sentinel last write time" date="2025-08-04T08:02:04.718" SemaphoreCount="7" /><!-- duration: 15ms -->
    <step title="LockFile &apos;C:\home\site\locks\deployments.lock&apos; acquired" date="2025-08-04T08:02:04.765" /><!-- duration: 16ms -->
    <step title="Performing fetch based deployment" date="2025-08-04T08:02:04.827" >
      <step title="Creating temporary deployment" date="2025-08-04T08:02:04.846" /><!-- duration: 172ms -->
      <step title="Fetching changes." date="2025-08-04T08:02:05.284" /><!-- duration: 31ms -->
      <step title="Starting LocalZipHandler" date="2025-08-04T08:02:05.378" /><!-- duration: 16ms -->
      <step title="Starting ExtractTriggers" date="2025-08-04T08:02:05.425" /><!-- duration: 31ms -->
      <step title="None repository commit" date="2025-08-04T08:02:05.613" >
        <step title="Commit id: 398ac3ec09784de1b30b0f14f24e9b91" date="2025-08-04T08:02:05.644" Message="Created via a push deployment" AuthorName="N/A" AuthorEmail="N/A" /><!-- duration: 16ms -->
      </step><!-- duration: 78ms -->
      <step title="Before sending BuildRequestReceived status to /api/updatedeploystatus" date="2025-08-04T08:02:05.706" /><!-- duration: 31ms -->
      <step title="DeploymentManager.Deploy(id:398ac3ec09784de1b30b0f14f24e9b91)" date="2025-08-04T08:02:05.769" >
        <step title="Collecting changeset information" date="2025-08-04T08:02:05.816" /><!-- duration: 172ms -->
        <step title="Updating submodules" date="2025-08-04T08:02:06.019" >
          <step title="Updating submodules." date="2025-08-04T08:02:06.238" /><!-- duration: 31ms -->
        </step><!-- duration: 297ms -->
        <step title="Preparing deployment for commit id &apos;398ac3ec09&apos;." date="2025-08-04T08:02:06.534" /><!-- duration: 31ms -->
        <step title="Determining deployment builder" date="2025-08-04T08:02:06.769" >
          <step title="Builder is RunFromZipSiteBuilder" date="2025-08-04T08:02:06.800" /><!-- duration: 31ms -->
        </step><!-- duration: 78ms -->
        <step title="Copying SSH keys" date="2025-08-04T08:02:06.941" /><!-- duration: 31ms -->
        <step title="Building" date="2025-08-04T08:02:07.003" >
          <step title="Skipping build. Project type: Run-From-Zip" date="2025-08-04T08:02:07.238" /><!-- duration: 31ms -->
          <step title="Skipping post build. Project type: Run-From-Zip" date="2025-08-04T08:02:07.503" /><!-- duration: 31ms -->
          <step title="Triggering recycle (preview mode disabled)." date="2025-08-04T08:02:07.784" /><!-- duration: 31ms -->
          <step title="Ignoring FS watcher based recycle request as this is a classic Windows app." date="2025-08-04T08:02:07.878" /><!-- duration: 16ms -->
          <step title="Deployment successful. DEPLOYMENTINFO: deploymentPath = Functions App ZipDeploy. Run from package. Ignore remote build., deployer = ZipDeploy, os = windows, sku = Dynamic, language = node, siteName = webhook-functions-sharepoint-002, slotName = Production, siteHostName = webhook-functions-sharepoint-002.azurewebsites.net, deploymentStatus = Success" date="2025-08-04T08:02:08.113" /><!-- duration: 31ms -->
          <step title="Purge deployment items" date="2025-08-04T08:02:08.956" >
            <step title="Remove 6e471968c, Success, received at 7/30/2025 3:43:38 AM" date="2025-08-04T08:02:09.300" /><!-- duration: 31ms -->
          </step><!-- duration: 406ms -->
        </step><!-- duration: 2453ms -->
      </step><!-- duration: 3719ms -->
      <step title="Cleaning up temp files" date="2025-08-04T08:02:09.519" /><!-- duration: 16ms -->
      <step title="Updating C:\home\data\SitePackages\packagename.txt with deployment 20250804080203.zip" date="2025-08-04T08:02:09.566" /><!-- duration: 94ms -->
      <step title="Begin HttpPost https://webhook-functions-sharepoint-002.scm.azurewebsites.net/operations/settriggers, x-ms-request-id: a9499f97-7344-46d5-899d-b54c5903a0af" date="2025-08-04T08:02:09.722" /><!-- duration: 31ms -->
      <step title="End HttpPost, status: OK" date="2025-08-04T08:02:09.925" /><!-- duration: 16ms -->
      <step title="Scheduling background sync triggers after delay" date="2025-08-04T08:02:09.972" /><!-- duration: 31ms -->
    </step><!-- duration: 5489ms -->
    <step title="LockFile &apos;C:\home\site\locks\deployments.lock&apos; released" date="2025-08-04T08:02:10.347" /><!-- duration: 16ms -->
  </step><!-- duration: 6583ms -->
  <step title="Outgoing response" date="2025-08-04T08:02:10.456" type="response" statusCode="200" statusText="OK" Server="Microsoft-IIS/10.0" x-ms-request-id="a9499f97-7344-46d5-899d-b54c5903a0af" Cache-Control="private" X-AspNet-Version="4.0.30319" /><!-- duration: 31ms -->
</step><!-- duration: 6864ms -->
