<step title="Incoming Request" date="2025-08-04T07:20:24.926" instance="c1f1fa" url="/api/zipdeploy" method="POST" type="request" pid="6880,2,7" Connection="Keep-Alive" Content-Length="1662370" Content-Type="application/zip" Authorization="Bea..." Host="webhook-functions-sharepoint-002.scm.azurewebsites.net" If-Match="*" User-Agent="functions-core-tools/4.1.0" X-ARR-LOG-ID="d91548a1-0d78-48d9-94cd-e5bbb252755b" CLIENT-IP="104.55.129.222:57237" X-SITE-DEPLOYMENT-ID="webhook-functions-sharepoint-002" WAS-DEFAULT-HOSTNAME="webhook-functions-sharepoint-002.scm.azurewebsites.net" X-Forwarded-Proto="https" X-AppService-Proto="https" X-Forwarded-TlsVersion="1.2" X-WAWS-Unencoded-URL="/api/zipdeploy" X-MS-COLDSTART="1" >
  <step title="ZipPushDeploy" date="2025-08-04T07:20:25.401" >
    <step title="Functions App ZipDeploy. Run from package. Ignore remote build." date="2025-08-04T07:20:25.448" /><!-- duration: 31ms -->
    <step title="Starting PushDeployAsync" date="2025-08-04T07:20:25.510" /><!-- duration: 16ms -->
    <step title="Updating shutdown sentinel last write time" date="2025-08-04T07:20:25.667" SemaphoreCount="7" /><!-- duration: 31ms -->
    <step title="LockFile &apos;C:\home\site\locks\deployments.lock&apos; acquired" date="2025-08-04T07:20:25.714" /><!-- duration: 31ms -->
    <step title="Deleting outdated zip file C:\home\data\SitePackages\20250730061318.zip" date="2025-08-04T07:20:25.792" /><!-- duration: 47ms -->
    <step title="Saving request content to C:\home\data\SitePackages\20250804072025.zip" date="2025-08-04T07:20:25.854" >
      <step title="Total 1,662,370 bytes written to C:\home\data\SitePackages\20250804072025.zip" date="2025-08-04T07:20:25.948" /><!-- duration: 31ms -->
    </step><!-- duration: 208ms -->
    <step title="LockFile &apos;C:\home\site\locks\deployments.lock&apos; released" date="2025-08-04T07:20:26.094" /><!-- duration: 31ms -->
    <step title="Deleting shutdown sentinel file" date="2025-08-04T07:20:26.172" SemaphoreCount="8" /><!-- duration: 16ms -->
    <step title="Starting FetchDeploy" date="2025-08-04T07:20:26.219" /><!-- duration: 31ms -->
    <step title="Attempting to fetch target branch HEAD" date="2025-08-04T07:20:26.266" /><!-- duration: 31ms -->
    <step title="Updating shutdown sentinel last write time" date="2025-08-04T07:20:26.344" SemaphoreCount="7" /><!-- duration: 31ms -->
    <step title="LockFile &apos;C:\home\site\locks\deployments.lock&apos; acquired" date="2025-08-04T07:20:26.406" /><!-- duration: 16ms -->
    <step title="Performing fetch based deployment" date="2025-08-04T07:20:26.453" >
      <step title="Creating temporary deployment" date="2025-08-04T07:20:26.484" /><!-- duration: 156ms -->
      <step title="Fetching changes." date="2025-08-04T07:20:26.907" /><!-- duration: 15ms -->
      <step title="Starting LocalZipHandler" date="2025-08-04T07:20:26.984" /><!-- duration: 16ms -->
      <step title="Starting ExtractTriggers" date="2025-08-04T07:20:27.031" /><!-- duration: 33ms -->
      <step title="None repository commit" date="2025-08-04T07:20:27.203" >
        <step title="Commit id: ac9e7713f2b44c7abfd8a75a0d4fa3c8" date="2025-08-04T07:20:27.253" Message="Created via a push deployment" AuthorName="N/A" AuthorEmail="N/A" /><!-- duration: 157ms -->
      </step><!-- duration: 223ms -->
      <step title="Before sending BuildRequestReceived status to /api/updatedeploystatus" date="2025-08-04T07:20:27.457" /><!-- duration: 16ms -->
      <step title="DeploymentManager.Deploy(id:ac9e7713f2b44c7abfd8a75a0d4fa3c8)" date="2025-08-04T07:20:27.504" >
        <step title="Collecting changeset information" date="2025-08-04T07:20:27.551" /><!-- duration: 172ms -->
        <step title="Updating submodules" date="2025-08-04T07:20:27.738" >
          <step title="Updating submodules." date="2025-08-04T07:20:27.976" /><!-- duration: 31ms -->
        </step><!-- duration: 316ms -->
        <step title="Preparing deployment for commit id &apos;ac9e7713f2&apos;." date="2025-08-04T07:20:28.336" /><!-- duration: 16ms -->
        <step title="Determining deployment builder" date="2025-08-04T07:20:28.570" >
          <step title="Builder is RunFromZipSiteBuilder" date="2025-08-04T07:20:28.601" /><!-- duration: 16ms -->
        </step><!-- duration: 62ms -->
        <step title="Copying SSH keys" date="2025-08-04T07:20:28.742" /><!-- duration: 31ms -->
        <step title="Building" date="2025-08-04T07:20:28.820" >
          <step title="Skipping build. Project type: Run-From-Zip" date="2025-08-04T07:20:29.023" /><!-- duration: 31ms -->
          <step title="Skipping post build. Project type: Run-From-Zip" date="2025-08-04T07:20:29.289" /><!-- duration: 16ms -->
          <step title="Triggering recycle (preview mode disabled)." date="2025-08-04T07:20:29.539" /><!-- duration: 16ms -->
          <step title="Ignoring FS watcher based recycle request as this is a classic Windows app." date="2025-08-04T07:20:29.601" /><!-- duration: 16ms -->
          <step title="Deployment successful. DEPLOYMENTINFO: deploymentPath = Functions App ZipDeploy. Run from package. Ignore remote build., deployer = ZipDeploy, os = windows, sku = Dynamic, language = node, siteName = webhook-functions-sharepoint-002, slotName = Production, siteHostName = webhook-functions-sharepoint-002.azurewebsites.net, deploymentStatus = Success" date="2025-08-04T07:20:29.822" /><!-- duration: 16ms -->
          <step title="Purge deployment items" date="2025-08-04T07:20:30.619" >
            <step title="Remove 57d9d2541, Success, received at 7/30/2025 3:12:01 AM" date="2025-08-04T07:20:30.932" /><!-- duration: 31ms -->
          </step><!-- duration: 359ms -->
        </step><!-- duration: 2268ms -->
      </step><!-- duration: 3615ms -->
      <step title="Cleaning up temp files" date="2025-08-04T07:20:31.135" /><!-- duration: 31ms -->
      <step title="Updating C:\home\data\SitePackages\packagename.txt with deployment 20250804072025.zip" date="2025-08-04T07:20:31.197" /><!-- duration: 78ms -->
      <step title="Begin HttpPost https://webhook-functions-sharepoint-002.scm.azurewebsites.net/operations/settriggers, x-ms-request-id: d91548a1-0d78-48d9-94cd-e5bbb252755b" date="2025-08-04T07:20:31.338" /><!-- duration: 16ms -->
      <step title="End HttpPost, status: OK" date="2025-08-04T07:20:31.559" /><!-- duration: 20ms -->
      <step title="Scheduling background sync triggers after delay" date="2025-08-04T07:20:31.609" /><!-- duration: 16ms -->
    </step><!-- duration: 5439ms -->
    <step title="LockFile &apos;C:\home\site\locks\deployments.lock&apos; released" date="2025-08-04T07:20:31.939" /><!-- duration: 16ms -->
  </step><!-- duration: 6600ms -->
  <step title="Outgoing response" date="2025-08-04T07:20:32.048" type="response" statusCode="200" statusText="OK" Server="Microsoft-IIS/10.0" x-ms-request-id="d91548a1-0d78-48d9-94cd-e5bbb252755b" Cache-Control="private" X-AspNet-Version="4.0.30319" /><!-- duration: 31ms -->
</step><!-- duration: 7184ms -->
