<step title="Incoming Request" date="2025-08-04T08:27:34.115" instance="c1f1fa" url="/api/zipdeploy" method="POST" type="request" pid="3768,2,9" Content-Length="1663741" Content-Type="application/zip" Authorization="Bea..." Host="webhook-functions-sharepoint-002.scm.azurewebsites.net" If-Match="*" User-Agent="functions-core-tools/4.1.0" X-ARR-LOG-ID="6798bd5d-9d34-4cda-9f98-1fe118738d6a" CLIENT-IP="104.55.129.222:49360" X-SITE-DEPLOYMENT-ID="webhook-functions-sharepoint-002" WAS-DEFAULT-HOSTNAME="webhook-functions-sharepoint-002.scm.azurewebsites.net" X-Forwarded-Proto="https" X-AppService-Proto="https" X-Forwarded-TlsVersion="1.2" X-WAWS-Unencoded-URL="/api/zipdeploy" >
  <step title="ZipPushDeploy" date="2025-08-04T08:27:34.193" >
    <step title="Functions App ZipDeploy. Run from package. Ignore remote build." date="2025-08-04T08:27:34.240" /><!-- duration: 31ms -->
    <step title="Starting PushDeployAsync" date="2025-08-04T08:27:34.287" /><!-- duration: 31ms -->
    <step title="Updating shutdown sentinel last write time" date="2025-08-04T08:27:34.382" SemaphoreCount="7" /><!-- duration: 16ms -->
    <step title="LockFile &apos;C:\home\site\locks\deployments.lock&apos; acquired" date="2025-08-04T08:27:34.429" /><!-- duration: 16ms -->
    <step title="Deleting outdated zip file C:\home\data\SitePackages\20250804074717.zip" date="2025-08-04T08:27:34.492" /><!-- duration: 47ms -->
    <step title="Saving request content to C:\home\data\SitePackages\20250804082734.zip" date="2025-08-04T08:27:34.554" >
      <step title="Total 1,663,741 bytes written to C:\home\data\SitePackages\20250804082734.zip" date="2025-08-04T08:27:34.632" /><!-- duration: 16ms -->
    </step><!-- duration: 188ms -->
    <step title="LockFile &apos;C:\home\site\locks\deployments.lock&apos; released" date="2025-08-04T08:27:34.773" /><!-- duration: 32ms -->
    <step title="Deleting shutdown sentinel file" date="2025-08-04T08:27:34.837" SemaphoreCount="8" /><!-- duration: 31ms -->
    <step title="Starting FetchDeploy" date="2025-08-04T08:27:34.899" /><!-- duration: 31ms -->
    <step title="Attempting to fetch target branch HEAD" date="2025-08-04T08:27:34.946" /><!-- duration: 31ms -->
    <step title="Updating shutdown sentinel last write time" date="2025-08-04T08:27:35.008" SemaphoreCount="7" /><!-- duration: 31ms -->
    <step title="LockFile &apos;C:\home\site\locks\deployments.lock&apos; acquired" date="2025-08-04T08:27:35.071" /><!-- duration: 16ms -->
    <step title="Performing fetch based deployment" date="2025-08-04T08:27:35.120" >
      <step title="Creating temporary deployment" date="2025-08-04T08:27:35.133" /><!-- duration: 156ms -->
      <step title="Fetching changes." date="2025-08-04T08:27:35.541" /><!-- duration: 31ms -->
      <step title="Starting LocalZipHandler" date="2025-08-04T08:27:35.619" /><!-- duration: 16ms -->
      <step title="Starting ExtractTriggers" date="2025-08-04T08:27:35.666" /><!-- duration: 31ms -->
      <step title="None repository commit" date="2025-08-04T08:27:35.822" >
        <step title="Commit id: e64e0d28197d40a48b12e93b189dc3bf" date="2025-08-04T08:27:35.853" Message="Created via a push deployment" AuthorName="N/A" AuthorEmail="N/A" /><!-- duration: 31ms -->
      </step><!-- duration: 94ms -->
      <step title="Before sending BuildRequestReceived status to /api/updatedeploystatus" date="2025-08-04T08:27:35.931" /><!-- duration: 31ms -->
      <step title="DeploymentManager.Deploy(id:e64e0d28197d40a48b12e93b189dc3bf)" date="2025-08-04T08:27:36.010" >
        <step title="Collecting changeset information" date="2025-08-04T08:27:36.072" /><!-- duration: 187ms -->
        <step title="Updating submodules" date="2025-08-04T08:27:36.275" >
          <step title="Updating submodules." date="2025-08-04T08:27:36.478" /><!-- duration: 31ms -->
        </step><!-- duration: 281ms -->
        <step title="Preparing deployment for commit id &apos;e64e0d2819&apos;." date="2025-08-04T08:27:36.763" /><!-- duration: 31ms -->
        <step title="Determining deployment builder" date="2025-08-04T08:27:36.998" >
          <step title="Builder is RunFromZipSiteBuilder" date="2025-08-04T08:27:37.033" /><!-- duration: 33ms -->
        </step><!-- duration: 82ms -->
        <step title="Copying SSH keys" date="2025-08-04T08:27:37.206" /><!-- duration: 47ms -->
        <step title="Building" date="2025-08-04T08:27:37.270" >
          <step title="Skipping build. Project type: Run-From-Zip" date="2025-08-04T08:27:37.489" /><!-- duration: 31ms -->
          <step title="Skipping post build. Project type: Run-From-Zip" date="2025-08-04T08:27:37.739" /><!-- duration: 31ms -->
          <step title="Triggering recycle (preview mode disabled)." date="2025-08-04T08:27:38.004" /><!-- duration: 50ms -->
          <step title="Ignoring FS watcher based recycle request as this is a classic Windows app." date="2025-08-04T08:27:38.117" /><!-- duration: 16ms -->
          <step title="Deployment successful. DEPLOYMENTINFO: deploymentPath = Functions App ZipDeploy. Run from package. Ignore remote build., deployer = ZipDeploy, os = windows, sku = Dynamic, language = node, siteName = webhook-functions-sharepoint-002, slotName = Production, siteHostName = webhook-functions-sharepoint-002.azurewebsites.net, deploymentStatus = Success" date="2025-08-04T08:27:38.336" /><!-- duration: 16ms -->
          <step title="Purge deployment items" date="2025-08-04T08:27:39.135" >
            <step title="Remove f70f9e8fa, Success, received at 7/30/2025 3:46:39 AM" date="2025-08-04T08:27:39.416" /><!-- duration: 16ms -->
          </step><!-- duration: 328ms -->
        </step><!-- duration: 2287ms -->
      </step><!-- duration: 3563ms -->
      <step title="Cleaning up temp files" date="2025-08-04T08:27:39.604" /><!-- duration: 16ms -->
      <step title="Updating C:\home\data\SitePackages\packagename.txt with deployment 20250804082734.zip" date="2025-08-04T08:27:39.651" /><!-- duration: 63ms -->
      <step title="Begin HttpPost https://webhook-functions-sharepoint-002.scm.azurewebsites.net/operations/settriggers, x-ms-request-id: 6798bd5d-9d34-4cda-9f98-1fe118738d6a" date="2025-08-04T08:27:39.745" /><!-- duration: 31ms -->
      <step title="End HttpPost, status: OK" date="2025-08-04T08:27:39.948" /><!-- duration: 31ms -->
      <step title="Scheduling background sync triggers after delay" date="2025-08-04T08:27:39.995" /><!-- duration: 31ms -->
    </step><!-- duration: 5141ms -->
    <step title="LockFile &apos;C:\home\site\locks\deployments.lock&apos; released" date="2025-08-04T08:27:40.308" /><!-- duration: 16ms -->
  </step><!-- duration: 6193ms -->
  <step title="Outgoing response" date="2025-08-04T08:27:40.401" type="response" statusCode="200" statusText="OK" Server="Microsoft-IIS/10.0" x-ms-request-id="6798bd5d-9d34-4cda-9f98-1fe118738d6a" Cache-Control="private" X-AspNet-Version="4.0.30319" /><!-- duration: 31ms -->
</step><!-- duration: 6349ms -->
