<step title="BackgroundTrace" date="2025-07-30T03:44:01.694" instance="75d6f6" url="synctriggers-operation" method="POST" >
  <step title="Updating shutdown sentinel last write time" date="2025-07-30T03:44:01.710" SemaphoreCount="5" /><!-- duration: 31ms -->
  <step title="Delaying &apos;00:01:00&apos; for Functions site to restart." date="2025-07-30T03:44:01.756" /><!-- duration: 31ms -->
  <step title="Begin HttpPost https://webhook-functions-sharepoint-002.azurewebsites.net/admin/host/synctriggers, x-ms-request-id: 33b8016d-4a19-4cb9-83dc-e2ea20527fa9" date="2025-07-30T03:44:42.319" /><!-- duration: 31ms -->
  <step title="End HttpPost, status: OK" date="2025-07-30T03:44:42.725" /><!-- duration: 31ms -->
  <step title="Syncing function triggers by calling the functions runtime site successful." date="2025-07-30T03:44:42.772" /><!-- duration: 16ms -->
  <step title="Begin HttpPost https://webhook-functions-sharepoint-002.azurewebsites.net/admin/host/synctriggers, x-ms-request-id: 6a0001e9-91d7-42b0-b399-e8401a01dc67" date="2025-07-30T03:45:01.824" /><!-- duration: 47ms -->
  <step title="End HttpPost, status: OK" date="2025-07-30T03:45:02.949" /><!-- duration: 47ms -->
  <step title="Syncing function triggers by calling the functions runtime site successful." date="2025-07-30T03:45:03.027" /><!-- duration: 32ms -->
  <step title="Deleting shutdown sentinel file" date="2025-07-30T03:45:03.089" SemaphoreCount="8" /><!-- duration: 16ms -->
</step><!-- duration: 61442ms -->
