<step title="Incoming Request" date="2025-07-29T23:06:51.766" instance="49fa8c" url="/api/zipdeploy" method="POST" type="request" pid="1924,2,9" Content-Length="1644154" Content-Type="application/zip" Authorization="Bea..." Host="webhook-functions-sharepoint-002.scm.azurewebsites.net" If-Match="*" User-Agent="functions-core-tools/4.1.0" X-ARR-LOG-ID="85819e0e-ecb4-4fa2-a891-7ce8998614f3" CLIENT-IP="131.239.142.46:51974" X-SITE-DEPLOYMENT-ID="webhook-functions-sharepoint-002" WAS-DEFAULT-HOSTNAME="webhook-functions-sharepoint-002.scm.azurewebsites.net" X-Forwarded-Proto="https" X-AppService-Proto="https" X-Forwarded-TlsVersion="1.2" X-WAWS-Unencoded-URL="/api/zipdeploy" >
  <step title="ZipPushDeploy" date="2025-07-29T23:06:51.828" >
    <step title="Functions App ZipDeploy. Run from package. Ignore remote build." date="2025-07-29T23:06:51.875" /><!-- duration: 31ms -->
    <step title="Starting PushDeployAsync" date="2025-07-29T23:06:51.922" /><!-- duration: 16ms -->
    <step title="Updating shutdown sentinel last write time" date="2025-07-29T23:06:51.984" SemaphoreCount="7" /><!-- duration: 16ms -->
    <step title="LockFile &apos;C:\home\site\locks\deployments.lock&apos; acquired" date="2025-07-29T23:06:52.016" /><!-- duration: 31ms -->
    <step title="Deleting outdated zip file C:\home\data\SitePackages\20250729225445.zip" date="2025-07-29T23:06:52.094" /><!-- duration: 31ms -->
    <step title="Saving request content to C:\home\data\SitePackages\20250729230651.zip" date="2025-07-29T23:06:52.141" >
      <step title="Total 1,644,154 bytes written to C:\home\data\SitePackages\20250729230651.zip" date="2025-07-29T23:06:52.219" /><!-- duration: 16ms -->
    </step><!-- duration: 203ms -->
    <step title="LockFile &apos;C:\home\site\locks\deployments.lock&apos; released" date="2025-07-29T23:06:52.391" /><!-- duration: 16ms -->
    <step title="Deleting shutdown sentinel file" date="2025-07-29T23:06:52.437" SemaphoreCount="8" /><!-- duration: 31ms -->
    <step title="Starting FetchDeploy" date="2025-07-29T23:06:52.484" /><!-- duration: 16ms -->
    <step title="Attempting to fetch target branch HEAD" date="2025-07-29T23:06:52.531" /><!-- duration: 16ms -->
    <step title="Updating shutdown sentinel last write time" date="2025-07-29T23:06:52.578" SemaphoreCount="7" /><!-- duration: 31ms -->
    <step title="LockFile &apos;C:\home\site\locks\deployments.lock&apos; acquired" date="2025-07-29T23:06:52.625" /><!-- duration: 16ms -->
    <step title="Performing fetch based deployment" date="2025-07-29T23:06:52.656" >
      <step title="Creating temporary deployment" date="2025-07-29T23:06:52.687" /><!-- duration: 125ms -->
      <step title="Fetching changes." date="2025-07-29T23:06:53.031" /><!-- duration: 16ms -->
      <step title="Starting LocalZipHandler" date="2025-07-29T23:06:53.109" /><!-- duration: 16ms -->
      <step title="Starting ExtractTriggers" date="2025-07-29T23:06:53.156" /><!-- duration: 16ms -->
      <step title="None repository commit" date="2025-07-29T23:06:53.453" >
        <step title="Commit id: da46efe90ae542338ef57dd4b9c25a7b" date="2025-07-29T23:06:53.469" Message="Created via a push deployment" AuthorName="N/A" AuthorEmail="N/A" /><!-- duration: 31ms -->
      </step><!-- duration: 62ms -->
      <step title="Before sending BuildRequestReceived status to /api/updatedeploystatus" date="2025-07-29T23:06:53.531" /><!-- duration: 16ms -->
      <step title="DeploymentManager.Deploy(id:da46efe90ae542338ef57dd4b9c25a7b)" date="2025-07-29T23:06:53.578" >
        <step title="Collecting changeset information" date="2025-07-29T23:06:53.609" /><!-- duration: 141ms -->
        <step title="Updating submodules" date="2025-07-29T23:06:53.766" >
          <step title="Updating submodules." date="2025-07-29T23:06:53.937" /><!-- duration: 16ms -->
        </step><!-- duration: 234ms -->
        <step title="Preparing deployment for commit id &apos;da46efe90a&apos;." date="2025-07-29T23:06:54.219" /><!-- duration: 16ms -->
        <step title="Determining deployment builder" date="2025-07-29T23:06:54.406" >
          <step title="Builder is RunFromZipSiteBuilder" date="2025-07-29T23:06:54.437" /><!-- duration: 16ms -->
        </step><!-- duration: 62ms -->
        <step title="Copying SSH keys" date="2025-07-29T23:06:54.562" /><!-- duration: 31ms -->
        <step title="Building" date="2025-07-29T23:06:54.609" >
          <step title="Skipping build. Project type: Run-From-Zip" date="2025-07-29T23:06:54.797" /><!-- duration: 16ms -->
          <step title="Skipping post build. Project type: Run-From-Zip" date="2025-07-29T23:06:55.016" /><!-- duration: 31ms -->
          <step title="Triggering recycle (preview mode disabled)." date="2025-07-29T23:06:55.250" /><!-- duration: 16ms -->
          <step title="Ignoring FS watcher based recycle request as this is a classic Windows app." date="2025-07-29T23:06:55.312" /><!-- duration: 16ms -->
          <step title="Deployment successful. DEPLOYMENTINFO: deploymentPath = Functions App ZipDeploy. Run from package. Ignore remote build., deployer = ZipDeploy, os = windows, sku = Dynamic, language = node, siteName = webhook-functions-sharepoint-002, slotName = Production, siteHostName = webhook-functions-sharepoint-002.azurewebsites.net, deploymentStatus = Success" date="2025-07-29T23:06:55.500" /><!-- duration: 31ms -->
          <step title="Purge deployment items" date="2025-07-29T23:06:56.109" >
            <step title="Remove e70097850, Success, received at 7/29/2025 9:08:00 PM" date="2025-07-29T23:06:56.500" /><!-- duration: 31ms -->
          </step><!-- duration: 438ms -->
        </step><!-- duration: 2016ms -->
      </step><!-- duration: 3063ms -->
      <step title="Cleaning up temp files" date="2025-07-29T23:06:56.672" /><!-- duration: 16ms -->
      <step title="Updating C:\home\data\SitePackages\packagename.txt with deployment 20250729230651.zip" date="2025-07-29T23:06:56.703" /><!-- duration: 63ms -->
      <step title="Begin HttpPost https://webhook-functions-sharepoint-002.scm.azurewebsites.net/operations/settriggers, x-ms-request-id: 85819e0e-ecb4-4fa2-a891-7ce8998614f3" date="2025-07-29T23:06:56.797" /><!-- duration: 31ms -->
      <step title="End HttpPost, status: OK" date="2025-07-29T23:06:56.953" /><!-- duration: 31ms -->
      <step title="Scheduling background sync triggers after delay" date="2025-07-29T23:06:57.000" /><!-- duration: 16ms -->
    </step><!-- duration: 4625ms -->
    <step title="LockFile &apos;C:\home\site\locks\deployments.lock&apos; released" date="2025-07-29T23:06:57.312" /><!-- duration: 16ms -->
  </step><!-- duration: 5547ms -->
  <step title="Outgoing response" date="2025-07-29T23:06:57.391" type="response" statusCode="200" statusText="OK" Server="Microsoft-IIS/10.0" x-ms-request-id="85819e0e-ecb4-4fa2-a891-7ce8998614f3" Cache-Control="private" X-AspNet-Version="4.0.30319" /><!-- duration: 16ms -->
</step><!-- duration: 5672ms -->
