<step title="Incoming Request" date="2025-08-04T07:46:43.351" instance="c1f1fa" url="/api/zipdeploy" method="POST" type="request" pid="6776,2,8" Connection="Keep-Alive" Content-Length="1663557" Content-Type="application/zip" Authorization="Bea..." Host="webhook-functions-sharepoint-002.scm.azurewebsites.net" If-Match="*" User-Agent="functions-core-tools/4.1.0" X-ARR-LOG-ID="bd3af880-9db3-4825-96fe-915ec8df0786" CLIENT-IP="104.55.129.222:60385" X-SITE-DEPLOYMENT-ID="webhook-functions-sharepoint-002" WAS-DEFAULT-HOSTNAME="webhook-functions-sharepoint-002.scm.azurewebsites.net" X-Forwarded-Proto="https" X-AppService-Proto="https" X-Forwarded-TlsVersion="1.2" X-WAWS-Unencoded-URL="/api/zipdeploy" X-MS-COLDSTART="1" >
  <step title="ZipPushDeploy" date="2025-08-04T07:46:43.586" >
    <step title="Functions App ZipDeploy. Run from package. Ignore remote build." date="2025-08-04T07:46:43.632" /><!-- duration: 16ms -->
    <step title="Starting PushDeployAsync" date="2025-08-04T07:46:43.679" /><!-- duration: 16ms -->
    <step title="Updating shutdown sentinel last write time" date="2025-08-04T07:46:43.804" SemaphoreCount="7" /><!-- duration: 16ms -->
    <step title="LockFile &apos;C:\home\site\locks\deployments.lock&apos; acquired" date="2025-08-04T07:46:43.836" /><!-- duration: 32ms -->
    <step title="Deleting outdated zip file C:\home\data\SitePackages\20250730061500.zip" date="2025-08-04T07:46:43.914" /><!-- duration: 47ms -->
    <step title="Saving request content to C:\home\data\SitePackages\20250804074643.zip" date="2025-08-04T07:46:43.976" >
      <step title="Total 1,663,557 bytes written to C:\home\data\SitePackages\20250804074643.zip" date="2025-08-04T07:46:44.070" /><!-- duration: 16ms -->
    </step><!-- duration: 188ms -->
    <step title="LockFile &apos;C:\home\site\locks\deployments.lock&apos; released" date="2025-08-04T07:46:44.226" /><!-- duration: 16ms -->
    <step title="Deleting shutdown sentinel file" date="2025-08-04T07:46:44.289" SemaphoreCount="8" /><!-- duration: 31ms -->
    <step title="Starting FetchDeploy" date="2025-08-04T07:46:44.351" /><!-- duration: 16ms -->
    <step title="Attempting to fetch target branch HEAD" date="2025-08-04T07:46:44.398" /><!-- duration: 16ms -->
    <step title="Updating shutdown sentinel last write time" date="2025-08-04T07:46:44.445" SemaphoreCount="7" /><!-- duration: 31ms -->
    <step title="LockFile &apos;C:\home\site\locks\deployments.lock&apos; acquired" date="2025-08-04T07:46:44.492" /><!-- duration: 16ms -->
    <step title="Performing fetch based deployment" date="2025-08-04T07:46:44.554" >
      <step title="Creating temporary deployment" date="2025-08-04T07:46:44.570" /><!-- duration: 156ms -->
      <step title="Fetching changes." date="2025-08-04T07:46:44.929" /><!-- duration: 31ms -->
      <step title="Starting LocalZipHandler" date="2025-08-04T07:46:45.007" /><!-- duration: 16ms -->
      <step title="Starting ExtractTriggers" date="2025-08-04T07:46:45.054" /><!-- duration: 16ms -->
      <step title="None repository commit" date="2025-08-04T07:46:45.195" >
        <step title="Commit id: 90679d8df83044f3a934393afbe52e80" date="2025-08-04T07:46:45.211" Message="Created via a push deployment" AuthorName="N/A" AuthorEmail="N/A" /><!-- duration: 16ms -->
      </step><!-- duration: 63ms -->
      <step title="Before sending BuildRequestReceived status to /api/updatedeploystatus" date="2025-08-04T07:46:45.273" /><!-- duration: 16ms -->
      <step title="DeploymentManager.Deploy(id:90679d8df83044f3a934393afbe52e80)" date="2025-08-04T07:46:45.320" >
        <step title="Collecting changeset information" date="2025-08-04T07:46:45.367" /><!-- duration: 156ms -->
        <step title="Updating submodules" date="2025-08-04T07:46:45.554" >
          <step title="Updating submodules." date="2025-08-04T07:46:45.757" /><!-- duration: 16ms -->
        </step><!-- duration: 266ms -->
        <step title="Preparing deployment for commit id &apos;90679d8df8&apos;." date="2025-08-04T07:46:46.023" /><!-- duration: 31ms -->
        <step title="Determining deployment builder" date="2025-08-04T07:46:46.273" >
          <step title="Builder is RunFromZipSiteBuilder" date="2025-08-04T07:46:46.289" /><!-- duration: 31ms -->
        </step><!-- duration: 62ms -->
        <step title="Copying SSH keys" date="2025-08-04T07:46:46.429" /><!-- duration: 47ms -->
        <step title="Building" date="2025-08-04T07:46:46.507" >
          <step title="Skipping build. Project type: Run-From-Zip" date="2025-08-04T07:46:46.726" /><!-- duration: 16ms -->
          <step title="Skipping post build. Project type: Run-From-Zip" date="2025-08-04T07:46:46.976" /><!-- duration: 31ms -->
          <step title="Triggering recycle (preview mode disabled)." date="2025-08-04T07:46:47.242" /><!-- duration: 16ms -->
          <step title="Ignoring FS watcher based recycle request as this is a classic Windows app." date="2025-08-04T07:46:47.320" /><!-- duration: 16ms -->
          <step title="Deployment successful. DEPLOYMENTINFO: deploymentPath = Functions App ZipDeploy. Run from package. Ignore remote build., deployer = ZipDeploy, os = windows, sku = Dynamic, language = node, siteName = webhook-functions-sharepoint-002, slotName = Production, siteHostName = webhook-functions-sharepoint-002.azurewebsites.net, deploymentStatus = Success" date="2025-08-04T07:46:47.539" /><!-- duration: 16ms -->
          <step title="Purge deployment items" date="2025-08-04T07:46:48.262" >
            <step title="Remove b35d85b11, Success, received at 7/30/2025 3:29:00 AM" date="2025-08-04T07:46:48.528" /><!-- duration: 16ms -->
          </step><!-- duration: 297ms -->
        </step><!-- duration: 2145ms -->
      </step><!-- duration: 3364ms -->
      <step title="Cleaning up temp files" date="2025-08-04T07:46:48.715" /><!-- duration: 16ms -->
      <step title="Updating C:\home\data\SitePackages\packagename.txt with deployment 20250804074643.zip" date="2025-08-04T07:46:48.747" /><!-- duration: 78ms -->
      <step title="Begin HttpPost https://webhook-functions-sharepoint-002.scm.azurewebsites.net/operations/settriggers, x-ms-request-id: bd3af880-9db3-4825-96fe-915ec8df0786" date="2025-08-04T07:46:48.872" /><!-- duration: 31ms -->
      <step title="End HttpPost, status: OK" date="2025-08-04T07:46:49.092" /><!-- duration: 16ms -->
      <step title="Scheduling background sync triggers after delay" date="2025-08-04T07:46:49.123" /><!-- duration: 31ms -->
    </step><!-- duration: 4834ms -->
    <step title="LockFile &apos;C:\home\site\locks\deployments.lock&apos; released" date="2025-08-04T07:46:49.420" /><!-- duration: 16ms -->
  </step><!-- duration: 5897ms -->
  <step title="Outgoing response" date="2025-08-04T07:46:49.529" type="response" statusCode="200" statusText="OK" Server="Microsoft-IIS/10.0" x-ms-request-id="bd3af880-9db3-4825-96fe-915ec8df0786" Cache-Control="private" X-AspNet-Version="4.0.30319" /><!-- duration: 16ms -->
</step><!-- duration: 6209ms -->
