<step title="Incoming Request" date="2025-07-30T06:15:00.451" instance="44751d" url="/api/zipdeploy" method="POST" type="request" pid="2556,2,9" Content-Length="1651255" Content-Type="application/zip" Authorization="Bea..." Host="webhook-functions-sharepoint-002.scm.azurewebsites.net" If-Match="*" User-Agent="functions-core-tools/4.1.0" X-ARR-LOG-ID="fa0055a6-c1b4-4f42-862a-2d39068ff3d0" CLIENT-IP="104.55.129.222:59824" X-SITE-DEPLOYMENT-ID="webhook-functions-sharepoint-002" WAS-DEFAULT-HOSTNAME="webhook-functions-sharepoint-002.scm.azurewebsites.net" X-Forwarded-Proto="https" X-AppService-Proto="https" X-Forwarded-TlsVersion="1.2" X-WAWS-Unencoded-URL="/api/zipdeploy" >
  <step title="ZipPushDeploy" date="2025-07-30T06:15:00.670" >
    <step title="Functions App ZipDeploy. Run from package. Ignore remote build." date="2025-07-30T06:15:00.716" /><!-- duration: 16ms -->
    <step title="Starting PushDeployAsync" date="2025-07-30T06:15:00.763" /><!-- duration: 31ms -->
    <step title="Updating shutdown sentinel last write time" date="2025-07-30T06:15:00.841" SemaphoreCount="7" /><!-- duration: 31ms -->
    <step title="LockFile &apos;C:\home\site\locks\deployments.lock&apos; acquired" date="2025-07-30T06:15:00.888" /><!-- duration: 47ms -->
    <step title="Deleting outdated zip file C:\home\data\SitePackages\20250730034637.zip" date="2025-07-30T06:15:00.982" /><!-- duration: 47ms -->
    <step title="Saving request content to C:\home\data\SitePackages\20250730061500.zip" date="2025-07-30T06:15:01.060" >
      <step title="Total 1,651,255 bytes written to C:\home\data\SitePackages\20250730061500.zip" date="2025-07-30T06:15:01.154" /><!-- duration: 31ms -->
    </step><!-- duration: 219ms -->
    <step title="LockFile &apos;C:\home\site\locks\deployments.lock&apos; released" date="2025-07-30T06:15:01.311" /><!-- duration: 31ms -->
    <step title="Deleting shutdown sentinel file" date="2025-07-30T06:15:01.388" SemaphoreCount="8" /><!-- duration: 31ms -->
    <step title="Starting FetchDeploy" date="2025-07-30T06:15:01.466" /><!-- duration: 16ms -->
    <step title="Attempting to fetch target branch HEAD" date="2025-07-30T06:15:01.529" /><!-- duration: 34ms -->
    <step title="Updating shutdown sentinel last write time" date="2025-07-30T06:15:01.624" SemaphoreCount="7" /><!-- duration: 31ms -->
    <step title="LockFile &apos;C:\home\site\locks\deployments.lock&apos; acquired" date="2025-07-30T06:15:01.685" /><!-- duration: 48ms -->
    <step title="Performing fetch based deployment" date="2025-07-30T06:15:01.799" >
      <step title="Creating temporary deployment" date="2025-07-30T06:15:01.859" /><!-- duration: 358ms -->
      <step title="Fetching changes." date="2025-07-30T06:15:02.703" /><!-- duration: 29ms -->
      <step title="Starting LocalZipHandler" date="2025-07-30T06:15:02.795" /><!-- duration: 31ms -->
      <step title="Starting ExtractTriggers" date="2025-07-30T06:15:02.857" /><!-- duration: 31ms -->
      <step title="None repository commit" date="2025-07-30T06:15:03.047" >
        <step title="Commit id: a4ba159f662b4606b69f6b9a3ca5e22a" date="2025-07-30T06:15:03.077" Message="Created via a push deployment" AuthorName="N/A" AuthorEmail="N/A" /><!-- duration: 14ms -->
      </step><!-- duration: 76ms -->
      <step title="Before sending BuildRequestReceived status to /api/updatedeploystatus" date="2025-07-30T06:15:03.155" /><!-- duration: 15ms -->
      <step title="DeploymentManager.Deploy(id:a4ba159f662b4606b69f6b9a3ca5e22a)" date="2025-07-30T06:15:03.201" >
        <step title="Collecting changeset information" date="2025-07-30T06:15:03.279" /><!-- duration: 188ms -->
        <step title="Updating submodules" date="2025-07-30T06:15:03.482" >
          <step title="Updating submodules." date="2025-07-30T06:15:03.732" /><!-- duration: 16ms -->
        </step><!-- duration: 328ms -->
        <step title="Preparing deployment for commit id &apos;a4ba159f66&apos;." date="2025-07-30T06:15:04.029" /><!-- duration: 16ms -->
        <step title="Determining deployment builder" date="2025-07-30T06:15:04.295" >
          <step title="Builder is RunFromZipSiteBuilder" date="2025-07-30T06:15:04.326" /><!-- duration: 31ms -->
        </step><!-- duration: 94ms -->
        <step title="Copying SSH keys" date="2025-07-30T06:15:04.482" /><!-- duration: 47ms -->
        <step title="Building" date="2025-07-30T06:15:04.545" >
          <step title="Skipping build. Project type: Run-From-Zip" date="2025-07-30T06:15:04.763" /><!-- duration: 31ms -->
          <step title="Skipping post build. Project type: Run-From-Zip" date="2025-07-30T06:15:05.060" /><!-- duration: 31ms -->
          <step title="Triggering recycle (preview mode disabled)." date="2025-07-30T06:15:05.326" /><!-- duration: 16ms -->
          <step title="Ignoring FS watcher based recycle request as this is a classic Windows app." date="2025-07-30T06:15:05.388" /><!-- duration: 31ms -->
          <step title="Deployment successful. DEPLOYMENTINFO: deploymentPath = Functions App ZipDeploy. Run from package. Ignore remote build., deployer = ZipDeploy, os = windows, sku = Dynamic, language = node, siteName = webhook-functions-sharepoint-002, slotName = Production, siteHostName = webhook-functions-sharepoint-002.azurewebsites.net, deploymentStatus = Success" date="2025-07-30T06:15:05.623" /><!-- duration: 31ms -->
          <step title="Purge deployment items" date="2025-07-30T06:15:06.373" >
            <step title="Remove 4864dbc07, Success, received at 7/30/2025 3:02:08 AM" date="2025-07-30T06:15:06.670" /><!-- duration: 15ms -->
          </step><!-- duration: 344ms -->
        </step><!-- duration: 2266ms -->
      </step><!-- duration: 3641ms -->
      <step title="Cleaning up temp files" date="2025-07-30T06:15:06.857" /><!-- duration: 31ms -->
      <step title="Updating C:\home\data\SitePackages\packagename.txt with deployment 20250730061500.zip" date="2025-07-30T06:15:06.920" /><!-- duration: 78ms -->
      <step title="Begin HttpPost https://webhook-functions-sharepoint-002.scm.azurewebsites.net/operations/settriggers, x-ms-request-id: fa0055a6-c1b4-4f42-862a-2d39068ff3d0" date="2025-07-30T06:15:07.029" /><!-- duration: 31ms -->
      <step title="End HttpPost, status: OK" date="2025-07-30T06:15:07.248" /><!-- duration: 31ms -->
      <step title="Scheduling background sync triggers after delay" date="2025-07-30T06:15:07.295" /><!-- duration: 31ms -->
    </step><!-- duration: 5746ms -->
    <step title="LockFile &apos;C:\home\site\locks\deployments.lock&apos; released" date="2025-07-30T06:15:07.576" /><!-- duration: 16ms -->
  </step><!-- duration: 6969ms -->
  <step title="Outgoing response" date="2025-07-30T06:15:07.670" type="response" statusCode="200" statusText="OK" Server="Microsoft-IIS/10.0" x-ms-request-id="fa0055a6-c1b4-4f42-862a-2d39068ff3d0" Cache-Control="private" X-AspNet-Version="4.0.30319" /><!-- duration: 31ms -->
</step><!-- duration: 7266ms -->
