<step title="Incoming Request" date="2025-08-04T07:47:17.842" instance="c1f1fa" url="/api/zipdeploy" method="POST" type="request" pid="6776,2,10" Content-Length="1663560" Content-Type="application/zip" Authorization="Bea..." Host="webhook-functions-sharepoint-002.scm.azurewebsites.net" If-Match="*" User-Agent="functions-core-tools/4.1.0" X-ARR-LOG-ID="30a478f4-3f20-49b4-a60a-e539727ad5ba" CLIENT-IP="104.55.129.222:60483" X-SITE-DEPLOYMENT-ID="webhook-functions-sharepoint-002" WAS-DEFAULT-HOSTNAME="webhook-functions-sharepoint-002.scm.azurewebsites.net" X-Forwarded-Proto="https" X-AppService-Proto="https" X-Forwarded-TlsVersion="1.2" X-WAWS-Unencoded-URL="/api/zipdeploy" >
  <step title="Cleanup Xml Logs" date="2025-08-04T07:47:17.858" /><!-- duration: 47ms -->
  <step title="ZipPushDeploy" date="2025-08-04T07:47:17.951" >
    <step title="Functions App ZipDeploy. Run from package. Ignore remote build." date="2025-08-04T07:47:17.967" /><!-- duration: 16ms -->
    <step title="Starting PushDeployAsync" date="2025-08-04T07:47:18.014" /><!-- duration: 31ms -->
    <step title="Updating shutdown sentinel last write time" date="2025-08-04T07:47:18.108" SemaphoreCount="6" /><!-- duration: 16ms -->
    <step title="LockFile &apos;C:\home\site\locks\deployments.lock&apos; acquired" date="2025-08-04T07:47:18.139" /><!-- duration: 31ms -->
    <step title="Deleting outdated zip file C:\home\data\SitePackages\20250730065936.zip" date="2025-08-04T07:47:18.217" /><!-- duration: 62ms -->
    <step title="Saving request content to C:\home\data\SitePackages\20250804074717.zip" date="2025-08-04T07:47:18.295" >
      <step title="Total 1,663,560 bytes written to C:\home\data\SitePackages\20250804074717.zip" date="2025-08-04T07:47:18.373" /><!-- duration: 16ms -->
    </step><!-- duration: 203ms -->
    <step title="LockFile &apos;C:\home\site\locks\deployments.lock&apos; released" date="2025-08-04T07:47:18.529" /><!-- duration: 16ms -->
    <step title="Starting FetchDeploy" date="2025-08-04T07:47:18.592" /><!-- duration: 31ms -->
    <step title="Attempting to fetch target branch HEAD" date="2025-08-04T07:47:18.639" /><!-- duration: 31ms -->
    <step title="Updating shutdown sentinel last write time" date="2025-08-04T07:47:18.717" SemaphoreCount="6" /><!-- duration: 16ms -->
    <step title="LockFile &apos;C:\home\site\locks\deployments.lock&apos; acquired" date="2025-08-04T07:47:18.764" /><!-- duration: 16ms -->
    <step title="Performing fetch based deployment" date="2025-08-04T07:47:18.811" >
      <step title="Creating temporary deployment" date="2025-08-04T07:47:18.827" /><!-- duration: 156ms -->
      <step title="Fetching changes." date="2025-08-04T07:47:19.186" /><!-- duration: 16ms -->
      <step title="Starting LocalZipHandler" date="2025-08-04T07:47:19.248" /><!-- duration: 16ms -->
      <step title="Starting ExtractTriggers" date="2025-08-04T07:47:19.295" /><!-- duration: 16ms -->
      <step title="None repository commit" date="2025-08-04T07:47:19.437" >
        <step title="Commit id: 2362886e8afa4b4dba419a1ff08c7c6a" date="2025-08-04T07:47:19.453" Message="Created via a push deployment" AuthorName="N/A" AuthorEmail="N/A" /><!-- duration: 31ms -->
      </step><!-- duration: 79ms -->
      <step title="Before sending BuildRequestReceived status to /api/updatedeploystatus" date="2025-08-04T07:47:19.532" /><!-- duration: 31ms -->
      <step title="DeploymentManager.Deploy(id:2362886e8afa4b4dba419a1ff08c7c6a)" date="2025-08-04T07:47:19.625" >
        <step title="Collecting changeset information" date="2025-08-04T07:47:19.672" /><!-- duration: 172ms -->
        <step title="Updating submodules" date="2025-08-04T07:47:19.875" >
          <step title="Updating submodules." date="2025-08-04T07:47:20.094" /><!-- duration: 16ms -->
        </step><!-- duration: 312ms -->
        <step title="Preparing deployment for commit id &apos;2362886e8a&apos;." date="2025-08-04T07:47:20.486" /><!-- duration: 16ms -->
        <step title="Determining deployment builder" date="2025-08-04T07:47:20.722" >
          <step title="Builder is RunFromZipSiteBuilder" date="2025-08-04T07:47:20.753" /><!-- duration: 16ms -->
        </step><!-- duration: 78ms -->
        <step title="Copying SSH keys" date="2025-08-04T07:47:20.893" /><!-- duration: 31ms -->
        <step title="Building" date="2025-08-04T07:47:20.940" >
          <step title="Skipping build. Project type: Run-From-Zip" date="2025-08-04T07:47:21.159" /><!-- duration: 16ms -->
          <step title="Skipping post build. Project type: Run-From-Zip" date="2025-08-04T07:47:21.425" /><!-- duration: 16ms -->
          <step title="Triggering recycle (preview mode disabled)." date="2025-08-04T07:47:21.692" /><!-- duration: 16ms -->
          <step title="Ignoring FS watcher based recycle request as this is a classic Windows app." date="2025-08-04T07:47:21.787" /><!-- duration: 16ms -->
          <step title="Deployment successful. DEPLOYMENTINFO: deploymentPath = Functions App ZipDeploy. Run from package. Ignore remote build., deployer = ZipDeploy, os = windows, sku = Dynamic, language = node, siteName = webhook-functions-sharepoint-002, slotName = Production, siteHostName = webhook-functions-sharepoint-002.azurewebsites.net, deploymentStatus = Success" date="2025-08-04T07:47:22.038" /><!-- duration: 31ms -->
          <step title="Purge deployment items" date="2025-08-04T07:47:22.703" >
            <step title="Remove 5fee469ac, Success, received at 7/30/2025 3:33:30 AM" date="2025-08-04T07:47:22.984" /><!-- duration: 31ms -->
          </step><!-- duration: 328ms -->
        </step><!-- duration: 2200ms -->
      </step><!-- duration: 3546ms -->
      <step title="Cleaning up temp files" date="2025-08-04T07:47:23.203" /><!-- duration: 16ms -->
      <step title="Updating C:\home\data\SitePackages\packagename.txt with deployment 20250804074717.zip" date="2025-08-04T07:47:23.265" /><!-- duration: 31ms -->
      <step title="Begin HttpPost https://webhook-functions-sharepoint-002.scm.azurewebsites.net/operations/settriggers, x-ms-request-id: 30a478f4-3f20-49b4-a60a-e539727ad5ba" date="2025-08-04T07:47:23.328" /><!-- duration: 16ms -->
      <step title="End HttpPost, status: OK" date="2025-08-04T07:47:23.424" /><!-- duration: 31ms -->
      <step title="Scheduling background sync triggers after delay" date="2025-08-04T07:47:23.470" /><!-- duration: 31ms -->
    </step><!-- duration: 4910ms -->
    <step title="LockFile &apos;C:\home\site\locks\deployments.lock&apos; released" date="2025-08-04T07:47:23.753" /><!-- duration: 31ms -->
  </step><!-- duration: 5879ms -->
  <step title="Outgoing response" date="2025-08-04T07:47:23.846" type="response" statusCode="200" statusText="OK" Server="Microsoft-IIS/10.0" x-ms-request-id="30a478f4-3f20-49b4-a60a-e539727ad5ba" Cache-Control="private" X-AspNet-Version="4.0.30319" /><!-- duration: 31ms -->
</step><!-- duration: 6051ms -->
