<step title="Incoming Request" date="2025-07-30T03:28:58.669" instance="f3ced3" url="/api/zipdeploy" method="POST" type="request" pid="5288,2,8" Content-Length="1645747" Content-Type="application/zip" Authorization="Bea..." Host="webhook-functions-sharepoint-002.scm.azurewebsites.net" If-Match="*" User-Agent="functions-core-tools/4.1.0" X-ARR-LOG-ID="18aba929-13b0-4b39-a504-7b015348a62b" CLIENT-IP="104.55.129.222:50825" X-SITE-DEPLOYMENT-ID="webhook-functions-sharepoint-002" WAS-DEFAULT-HOSTNAME="webhook-functions-sharepoint-002.scm.azurewebsites.net" X-Forwarded-Proto="https" X-AppService-Proto="https" X-Forwarded-TlsVersion="1.2" X-WAWS-Unencoded-URL="/api/zipdeploy" >
  <step title="ZipPushDeploy" date="2025-07-30T03:28:58.747" >
    <step title="Functions App ZipDeploy. Run from package. Ignore remote build." date="2025-07-30T03:28:58.794" /><!-- duration: 31ms -->
    <step title="Starting PushDeployAsync" date="2025-07-30T03:28:58.856" /><!-- duration: 16ms -->
    <step title="Updating shutdown sentinel last write time" date="2025-07-30T03:28:59.044" SemaphoreCount="7" /><!-- duration: 31ms -->
    <step title="LockFile &apos;C:\home\site\locks\deployments.lock&apos; acquired" date="2025-07-30T03:28:59.106" /><!-- duration: 16ms -->
    <step title="Deleting outdated zip file C:\home\data\SitePackages\20250730030206.zip" date="2025-07-30T03:28:59.169" /><!-- duration: 47ms -->
    <step title="Saving request content to C:\home\data\SitePackages\20250730032858.zip" date="2025-07-30T03:28:59.247" >
      <step title="Total 1,645,747 bytes written to C:\home\data\SitePackages\20250730032858.zip" date="2025-07-30T03:28:59.356" /><!-- duration: 31ms -->
    </step><!-- duration: 220ms -->
    <step title="LockFile &apos;C:\home\site\locks\deployments.lock&apos; released" date="2025-07-30T03:28:59.499" /><!-- duration: 31ms -->
    <step title="Deleting shutdown sentinel file" date="2025-07-30T03:28:59.561" SemaphoreCount="8" /><!-- duration: 31ms -->
    <step title="Starting FetchDeploy" date="2025-07-30T03:28:59.624" /><!-- duration: 16ms -->
    <step title="Attempting to fetch target branch HEAD" date="2025-07-30T03:28:59.670" /><!-- duration: 16ms -->
    <step title="Updating shutdown sentinel last write time" date="2025-07-30T03:28:59.733" SemaphoreCount="7" /><!-- duration: 31ms -->
    <step title="LockFile &apos;C:\home\site\locks\deployments.lock&apos; acquired" date="2025-07-30T03:28:59.780" /><!-- duration: 31ms -->
    <step title="Performing fetch based deployment" date="2025-07-30T03:28:59.827" >
      <step title="Creating temporary deployment" date="2025-07-30T03:28:59.842" /><!-- duration: 172ms -->
      <step title="Fetching changes." date="2025-07-30T03:29:00.280" /><!-- duration: 16ms -->
      <step title="Starting LocalZipHandler" date="2025-07-30T03:29:00.342" /><!-- duration: 31ms -->
      <step title="Starting ExtractTriggers" date="2025-07-30T03:29:00.405" /><!-- duration: 31ms -->
      <step title="None repository commit" date="2025-07-30T03:29:00.561" >
        <step title="Commit id: b35d85b11910438582ce1627d86d3aa8" date="2025-07-30T03:29:00.577" Message="Created via a push deployment" AuthorName="N/A" AuthorEmail="N/A" /><!-- duration: 31ms -->
      </step><!-- duration: 63ms -->
      <step title="Before sending BuildRequestReceived status to /api/updatedeploystatus" date="2025-07-30T03:29:00.655" /><!-- duration: 16ms -->
      <step title="DeploymentManager.Deploy(id:b35d85b11910438582ce1627d86d3aa8)" date="2025-07-30T03:29:00.702" >
        <step title="Collecting changeset information" date="2025-07-30T03:29:00.749" /><!-- duration: 234ms -->
        <step title="Updating submodules" date="2025-07-30T03:29:00.999" >
          <step title="Updating submodules." date="2025-07-30T03:29:01.217" /><!-- duration: 16ms -->
        </step><!-- duration: 281ms -->
        <step title="Preparing deployment for commit id &apos;b35d85b119&apos;." date="2025-07-30T03:29:01.483" /><!-- duration: 33ms -->
        <step title="Determining deployment builder" date="2025-07-30T03:29:01.733" >
          <step title="Builder is RunFromZipSiteBuilder" date="2025-07-30T03:29:01.749" /><!-- duration: 31ms -->
        </step><!-- duration: 62ms -->
        <step title="Copying SSH keys" date="2025-07-30T03:29:01.905" /><!-- duration: 47ms -->
        <step title="Building" date="2025-07-30T03:29:01.967" >
          <step title="Skipping build. Project type: Run-From-Zip" date="2025-07-30T03:29:02.186" /><!-- duration: 16ms -->
          <step title="Skipping post build. Project type: Run-From-Zip" date="2025-07-30T03:29:02.436" /><!-- duration: 31ms -->
          <step title="Triggering recycle (preview mode disabled)." date="2025-07-30T03:29:02.702" /><!-- duration: 34ms -->
          <step title="Ignoring FS watcher based recycle request as this is a classic Windows app." date="2025-07-30T03:29:02.780" /><!-- duration: 16ms -->
          <step title="Deployment successful. DEPLOYMENTINFO: deploymentPath = Functions App ZipDeploy. Run from package. Ignore remote build., deployer = ZipDeploy, os = windows, sku = Dynamic, language = node, siteName = webhook-functions-sharepoint-002, slotName = Production, siteHostName = webhook-functions-sharepoint-002.azurewebsites.net, deploymentStatus = Success" date="2025-07-30T03:29:02.999" /><!-- duration: 31ms -->
          <step title="Purge deployment items" date="2025-07-30T03:29:03.717" >
            <step title="Remove 8be2873a8, Success, received at 7/30/2025 2:19:46 AM" date="2025-07-30T03:29:03.999" /><!-- duration: 16ms -->
          </step><!-- duration: 328ms -->
        </step><!-- duration: 2172ms -->
      </step><!-- duration: 3469ms -->
      <step title="Cleaning up temp files" date="2025-07-30T03:29:04.186" /><!-- duration: 31ms -->
      <step title="Updating C:\home\data\SitePackages\packagename.txt with deployment 20250730032858.zip" date="2025-07-30T03:29:04.233" /><!-- duration: 94ms -->
      <step title="Begin HttpPost https://webhook-functions-sharepoint-002.scm.azurewebsites.net/operations/settriggers, x-ms-request-id: 18aba929-13b0-4b39-a504-7b015348a62b" date="2025-07-30T03:29:04.389" /><!-- duration: 16ms -->
      <step title="End HttpPost, status: OK" date="2025-07-30T03:29:04.655" /><!-- duration: 31ms -->
      <step title="Scheduling background sync triggers after delay" date="2025-07-30T03:29:04.702" /><!-- duration: 31ms -->
    </step><!-- duration: 5109ms -->
    <step title="LockFile &apos;C:\home\site\locks\deployments.lock&apos; released" date="2025-07-30T03:29:04.967" /><!-- duration: 16ms -->
  </step><!-- duration: 6283ms -->
  <step title="Outgoing response" date="2025-07-30T03:29:05.065" type="response" statusCode="200" statusText="OK" Server="Microsoft-IIS/10.0" x-ms-request-id="18aba929-13b0-4b39-a504-7b015348a62b" Cache-Control="private" X-AspNet-Version="4.0.30319" /><!-- duration: 12ms -->
</step><!-- duration: 6439ms -->
