<step title="Incoming Request" date="2025-07-30T02:39:15.993" instance="e13d73" url="/api/zipdeploy" method="POST" type="request" pid="4892,2,9" Content-Length="1648161" Content-Type="application/zip" Authorization="Bea..." Host="webhook-functions-sharepoint-002.scm.azurewebsites.net" If-Match="*" User-Agent="functions-core-tools/4.1.0" X-ARR-LOG-ID="0faf6fb3-6acf-4aac-b581-d03504162f40" CLIENT-IP="104.55.129.222:60475" X-SITE-DEPLOYMENT-ID="webhook-functions-sharepoint-002" WAS-DEFAULT-HOSTNAME="webhook-functions-sharepoint-002.scm.azurewebsites.net" X-Forwarded-Proto="https" X-AppService-Proto="https" X-Forwarded-TlsVersion="1.2" X-WAWS-Unencoded-URL="/api/zipdeploy" >
  <step title="ZipPushDeploy" date="2025-07-30T02:39:16.073" >
    <step title="Functions App ZipDeploy. Run from package. Ignore remote build." date="2025-07-30T02:39:16.136" /><!-- duration: 29ms -->
    <step title="Starting PushDeployAsync" date="2025-07-30T02:39:16.181" /><!-- duration: 16ms -->
    <step title="Updating shutdown sentinel last write time" date="2025-07-30T02:39:16.274" SemaphoreCount="7" /><!-- duration: 16ms -->
    <step title="LockFile &apos;C:\home\site\locks\deployments.lock&apos; acquired" date="2025-07-30T02:39:16.321" /><!-- duration: 16ms -->
    <step title="Deleting outdated zip file C:\home\data\SitePackages\20250729230956.zip" date="2025-07-30T02:39:16.384" /><!-- duration: 63ms -->
    <step title="Saving request content to C:\home\data\SitePackages\20250730023916.zip" date="2025-07-30T02:39:16.462" >
      <step title="Total 1,648,161 bytes written to C:\home\data\SitePackages\20250730023916.zip" date="2025-07-30T02:39:16.524" /><!-- duration: 31ms -->
    </step><!-- duration: 188ms -->
    <step title="LockFile &apos;C:\home\site\locks\deployments.lock&apos; released" date="2025-07-30T02:39:16.665" /><!-- duration: 31ms -->
    <step title="Deleting shutdown sentinel file" date="2025-07-30T02:39:16.728" SemaphoreCount="8" /><!-- duration: 16ms -->
    <step title="Starting FetchDeploy" date="2025-07-30T02:39:16.774" /><!-- duration: 16ms -->
    <step title="Attempting to fetch target branch HEAD" date="2025-07-30T02:39:16.806" /><!-- duration: 16ms -->
    <step title="Updating shutdown sentinel last write time" date="2025-07-30T02:39:16.884" SemaphoreCount="7" /><!-- duration: 31ms -->
    <step title="LockFile &apos;C:\home\site\locks\deployments.lock&apos; acquired" date="2025-07-30T02:39:16.931" /><!-- duration: 31ms -->
    <step title="Performing fetch based deployment" date="2025-07-30T02:39:16.977" >
      <step title="Creating temporary deployment" date="2025-07-30T02:39:17.009" /><!-- duration: 141ms -->
      <step title="Fetching changes." date="2025-07-30T02:39:17.321" /><!-- duration: 31ms -->
      <step title="Starting LocalZipHandler" date="2025-07-30T02:39:17.384" /><!-- duration: 16ms -->
      <step title="Starting ExtractTriggers" date="2025-07-30T02:39:17.431" /><!-- duration: 16ms -->
      <step title="None repository commit" date="2025-07-30T02:39:17.540" >
        <step title="Commit id: bf20ac0fe2c44e7c81cd04b739d47e4b" date="2025-07-30T02:39:17.571" Message="Created via a push deployment" AuthorName="N/A" AuthorEmail="N/A" /><!-- duration: 31ms -->
      </step><!-- duration: 78ms -->
      <step title="Before sending BuildRequestReceived status to /api/updatedeploystatus" date="2025-07-30T02:39:17.634" /><!-- duration: 31ms -->
      <step title="DeploymentManager.Deploy(id:bf20ac0fe2c44e7c81cd04b739d47e4b)" date="2025-07-30T02:39:17.681" >
        <step title="Collecting changeset information" date="2025-07-30T02:39:17.727" /><!-- duration: 156ms -->
        <step title="Updating submodules" date="2025-07-30T02:39:17.899" >
          <step title="Updating submodules." date="2025-07-30T02:39:18.087" /><!-- duration: 16ms -->
        </step><!-- duration: 250ms -->
        <step title="Preparing deployment for commit id &apos;bf20ac0fe2&apos;." date="2025-07-30T02:39:18.321" /><!-- duration: 31ms -->
        <step title="Determining deployment builder" date="2025-07-30T02:39:18.540" >
          <step title="Builder is RunFromZipSiteBuilder" date="2025-07-30T02:39:18.571" /><!-- duration: 16ms -->
        </step><!-- duration: 62ms -->
        <step title="Copying SSH keys" date="2025-07-30T02:39:18.665" /><!-- duration: 31ms -->
        <step title="Building" date="2025-07-30T02:39:18.727" >
          <step title="Skipping build. Project type: Run-From-Zip" date="2025-07-30T02:39:18.899" /><!-- duration: 16ms -->
          <step title="Skipping post build. Project type: Run-From-Zip" date="2025-07-30T02:39:19.134" /><!-- duration: 16ms -->
          <step title="Triggering recycle (preview mode disabled)." date="2025-07-30T02:39:19.353" /><!-- duration: 16ms -->
          <step title="Ignoring FS watcher based recycle request as this is a classic Windows app." date="2025-07-30T02:39:19.415" /><!-- duration: 16ms -->
          <step title="Deployment successful. DEPLOYMENTINFO: deploymentPath = Functions App ZipDeploy. Run from package. Ignore remote build., deployer = ZipDeploy, os = windows, sku = Dynamic, language = node, siteName = webhook-functions-sharepoint-002, slotName = Production, siteHostName = webhook-functions-sharepoint-002.azurewebsites.net, deploymentStatus = Success" date="2025-07-30T02:39:19.603" /><!-- duration: 31ms -->
          <step title="Purge deployment items" date="2025-07-30T02:39:20.259" >
            <step title="Remove b87581385, Success, received at 7/29/2025 10:41:42 PM" date="2025-07-30T02:39:20.493" /><!-- duration: 16ms -->
          </step><!-- duration: 266ms -->
        </step><!-- duration: 1891ms -->
      </step><!-- duration: 2953ms -->
      <step title="Cleaning up temp files" date="2025-07-30T02:39:20.649" /><!-- duration: 16ms -->
      <step title="Updating C:\home\data\SitePackages\packagename.txt with deployment 20250730023916.zip" date="2025-07-30T02:39:20.696" /><!-- duration: 47ms -->
      <step title="Begin HttpPost https://webhook-functions-sharepoint-002.scm.azurewebsites.net/operations/settriggers, x-ms-request-id: 0faf6fb3-6acf-4aac-b581-d03504162f40" date="2025-07-30T02:39:20.790" /><!-- duration: 31ms -->
      <step title="End HttpPost, status: OK" date="2025-07-30T02:39:20.962" /><!-- duration: 16ms -->
      <step title="Scheduling background sync triggers after delay" date="2025-07-30T02:39:21.009" /><!-- duration: 16ms -->
    </step><!-- duration: 4250ms -->
    <step title="LockFile &apos;C:\home\site\locks\deployments.lock&apos; released" date="2025-07-30T02:39:21.259" /><!-- duration: 16ms -->
  </step><!-- duration: 5248ms -->
  <step title="Outgoing response" date="2025-07-30T02:39:21.337" type="response" statusCode="200" statusText="OK" Server="Microsoft-IIS/10.0" x-ms-request-id="0faf6fb3-6acf-4aac-b581-d03504162f40" Cache-Control="private" X-AspNet-Version="4.0.30319" /><!-- duration: 16ms -->
</step><!-- duration: 5391ms -->
