<step title="BackgroundTrace" date="2025-08-04T07:47:23.517" instance="c1f1fa" url="synctriggers-operation" method="POST" >
  <step title="Updating shutdown sentinel last write time" date="2025-08-04T07:47:23.533" SemaphoreCount="5" /><!-- duration: 31ms -->
  <step title="Delaying &apos;00:01:00&apos; for Functions site to restart." date="2025-08-04T07:47:23.595" /><!-- duration: 16ms -->
  <step title="Begin HttpPost https://webhook-functions-sharepoint-002.azurewebsites.net/admin/host/synctriggers, x-ms-request-id: bd3af880-9db3-4825-96fe-915ec8df0786" date="2025-08-04T07:47:49.326" /><!-- duration: 31ms -->
  <step title="End HttpPost, status: OK" date="2025-08-04T07:47:50.971" /><!-- duration: 31ms -->
  <step title="Syncing function triggers by calling the functions runtime site successful." date="2025-08-04T07:47:51.034" /><!-- duration: 16ms -->
  <step title="Begin HttpPost https://webhook-functions-sharepoint-002.azurewebsites.net/admin/host/synctriggers, x-ms-request-id: 30a478f4-3f20-49b4-a60a-e539727ad5ba" date="2025-08-04T07:48:23.641" /><!-- duration: 47ms -->
  <step title="End HttpPost, status: OK" date="2025-08-04T07:48:31.332" /><!-- duration: 31ms -->
  <step title="Syncing function triggers by calling the functions runtime site successful." date="2025-08-04T07:48:31.379" /><!-- duration: 47ms -->
  <step title="Deleting shutdown sentinel file" date="2025-08-04T07:48:31.457" SemaphoreCount="8" /><!-- duration: 16ms -->
</step><!-- duration: 67971ms -->
