<step title="Incoming Request" date="2025-07-30T03:01:29.431" instance="e13d73" url="/api/zipdeploy" method="POST" type="request" pid="4044,2,21" Content-Length="1651472" Content-Type="application/zip" Authorization="Bea..." Host="webhook-functions-sharepoint-002.scm.azurewebsites.net" If-Match="*" User-Agent="functions-core-tools/4.1.0" X-ARR-LOG-ID="cacbfb9f-796f-4af2-8db7-df6ca922e9c7" CLIENT-IP="104.55.129.222:63139" X-SITE-DEPLOYMENT-ID="webhook-functions-sharepoint-002" WAS-DEFAULT-HOSTNAME="webhook-functions-sharepoint-002.scm.azurewebsites.net" X-Forwarded-Proto="https" X-AppService-Proto="https" X-Forwarded-TlsVersion="1.2" X-WAWS-Unencoded-URL="/api/zipdeploy" >
  <step title="ZipPushDeploy" date="2025-07-30T03:01:29.478" >
    <step title="Functions App ZipDeploy. Run from package. Ignore remote build." date="2025-07-30T03:01:29.509" /><!-- duration: 16ms -->
    <step title="Starting PushDeployAsync" date="2025-07-30T03:01:29.556" /><!-- duration: 16ms -->
    <step title="Updating shutdown sentinel last write time" date="2025-07-30T03:01:29.634" SemaphoreCount="6" /><!-- duration: 47ms -->
    <step title="LockFile &apos;C:\home\site\locks\deployments.lock&apos; acquired" date="2025-07-30T03:01:29.696" /><!-- duration: 31ms -->
    <step title="Deleting outdated zip file C:\home\data\SitePackages\20250730025200.zip" date="2025-07-30T03:01:29.759" /><!-- duration: 63ms -->
    <step title="Saving request content to C:\home\data\SitePackages\20250730030129.zip" date="2025-07-30T03:01:29.868" >
      <step title="Total 1,651,472 bytes written to C:\home\data\SitePackages\20250730030129.zip" date="2025-07-30T03:01:29.946" /><!-- duration: 31ms -->
    </step><!-- duration: 188ms -->
    <step title="LockFile &apos;C:\home\site\locks\deployments.lock&apos; released" date="2025-07-30T03:01:30.134" /><!-- duration: 31ms -->
    <step title="Starting FetchDeploy" date="2025-07-30T03:01:30.196" /><!-- duration: 31ms -->
    <step title="Attempting to fetch target branch HEAD" date="2025-07-30T03:01:30.259" /><!-- duration: 16ms -->
    <step title="Updating shutdown sentinel last write time" date="2025-07-30T03:01:30.306" SemaphoreCount="6" /><!-- duration: 31ms -->
    <step title="LockFile &apos;C:\home\site\locks\deployments.lock&apos; acquired" date="2025-07-30T03:01:30.368" /><!-- duration: 31ms -->
    <step title="Performing fetch based deployment" date="2025-07-30T03:01:30.415" >
      <step title="Creating temporary deployment" date="2025-07-30T03:01:30.446" /><!-- duration: 141ms -->
      <step title="Fetching changes." date="2025-07-30T03:01:30.790" /><!-- duration: 16ms -->
      <step title="Starting LocalZipHandler" date="2025-07-30T03:01:30.868" /><!-- duration: 31ms -->
      <step title="Starting ExtractTriggers" date="2025-07-30T03:01:30.915" /><!-- duration: 47ms -->
      <step title="None repository commit" date="2025-07-30T03:01:31.087" >
        <step title="Commit id: 0eefcb5fb5264176a535c17f16244566" date="2025-07-30T03:01:31.118" Message="Created via a push deployment" AuthorName="N/A" AuthorEmail="N/A" /><!-- duration: 16ms -->
      </step><!-- duration: 78ms -->
      <step title="Before sending BuildRequestReceived status to /api/updatedeploystatus" date="2025-07-30T03:01:31.181" /><!-- duration: 31ms -->
      <step title="DeploymentManager.Deploy(id:0eefcb5fb5264176a535c17f16244566)" date="2025-07-30T03:01:31.228" >
        <step title="Collecting changeset information" date="2025-07-30T03:01:31.290" /><!-- duration: 172ms -->
        <step title="Updating submodules" date="2025-07-30T03:01:31.493" >
          <step title="Updating submodules." date="2025-07-30T03:01:31.666" /><!-- duration: 47ms -->
        </step><!-- duration: 266ms -->
        <step title="Preparing deployment for commit id &apos;0eefcb5fb5&apos;." date="2025-07-30T03:01:31.948" /><!-- duration: 31ms -->
        <step title="Determining deployment builder" date="2025-07-30T03:01:32.167" >
          <step title="Builder is RunFromZipSiteBuilder" date="2025-07-30T03:01:32.198" /><!-- duration: 31ms -->
        </step><!-- duration: 78ms -->
        <step title="Copying SSH keys" date="2025-07-30T03:01:32.323" /><!-- duration: 47ms -->
        <step title="Building" date="2025-07-30T03:01:32.401" >
          <step title="Skipping build. Project type: Run-From-Zip" date="2025-07-30T03:01:32.573" /><!-- duration: 31ms -->
          <step title="Skipping post build. Project type: Run-From-Zip" date="2025-07-30T03:01:32.824" /><!-- duration: 31ms -->
          <step title="Triggering recycle (preview mode disabled)." date="2025-07-30T03:01:33.105" /><!-- duration: 31ms -->
          <step title="Ignoring FS watcher based recycle request as this is a classic Windows app." date="2025-07-30T03:01:33.199" /><!-- duration: 31ms -->
          <step title="Deployment successful. DEPLOYMENTINFO: deploymentPath = Functions App ZipDeploy. Run from package. Ignore remote build., deployer = ZipDeploy, os = windows, sku = Dynamic, language = node, siteName = webhook-functions-sharepoint-002, slotName = Production, siteHostName = webhook-functions-sharepoint-002.azurewebsites.net, deploymentStatus = Success" date="2025-07-30T03:01:33.417" /><!-- duration: 16ms -->
          <step title="Purge deployment items" date="2025-07-30T03:01:33.964" >
            <step title="Remove fdcdd2164, Success, received at 7/29/2025 11:05:14 PM" date="2025-07-30T03:01:34.230" /><!-- duration: 31ms -->
          </step><!-- duration: 313ms -->
        </step><!-- duration: 1969ms -->
      </step><!-- duration: 3174ms -->
      <step title="Cleaning up temp files" date="2025-07-30T03:01:34.433" /><!-- duration: 31ms -->
      <step title="Updating C:\home\data\SitePackages\packagename.txt with deployment 20250730030129.zip" date="2025-07-30T03:01:34.480" /><!-- duration: 62ms -->
      <step title="Begin HttpPost https://webhook-functions-sharepoint-002.scm.azurewebsites.net/operations/settriggers, x-ms-request-id: cacbfb9f-796f-4af2-8db7-df6ca922e9c7" date="2025-07-30T03:01:34.589" /><!-- duration: 31ms -->
      <step title="End HttpPost, status: OK" date="2025-07-30T03:01:34.699" /><!-- duration: 47ms -->
      <step title="Scheduling background sync triggers after delay" date="2025-07-30T03:01:34.777" /><!-- duration: 31ms -->
    </step><!-- duration: 4612ms -->
    <step title="LockFile &apos;C:\home\site\locks\deployments.lock&apos; released" date="2025-07-30T03:01:35.074" /><!-- duration: 31ms -->
  </step><!-- duration: 5705ms -->
  <step title="Outgoing response" date="2025-07-30T03:01:35.214" type="response" statusCode="200" statusText="OK" Server="Microsoft-IIS/10.0" x-ms-request-id="cacbfb9f-796f-4af2-8db7-df6ca922e9c7" Cache-Control="private" X-AspNet-Version="4.0.30319" /><!-- duration: 16ms -->
</step><!-- duration: 5830ms -->
