<step title="Incoming Request" date="2025-07-30T06:13:18.534" instance="44751d" url="/api/zipdeploy" method="POST" type="request" pid="1564,2,7" Content-Length="1651164" Content-Type="application/zip" Authorization="Bea..." Host="webhook-functions-sharepoint-002.scm.azurewebsites.net" If-Match="*" User-Agent="functions-core-tools/4.1.0" X-ARR-LOG-ID="3d5e87c9-2860-4987-9925-89dec86d4be2" CLIENT-IP="104.55.129.222:59572" X-SITE-DEPLOYMENT-ID="webhook-functions-sharepoint-002" WAS-DEFAULT-HOSTNAME="webhook-functions-sharepoint-002.scm.azurewebsites.net" X-Forwarded-Proto="https" X-AppService-Proto="https" X-Forwarded-TlsVersion="1.2" X-WAWS-Unencoded-URL="/api/zipdeploy" >
  <step title="Cleanup Xml Logs" date="2025-07-30T06:13:18.549" /><!-- duration: 47ms -->
  <step title="ZipPushDeploy" date="2025-07-30T06:13:18.924" >
    <step title="Functions App ZipDeploy. Run from package. Ignore remote build." date="2025-07-30T06:13:18.955" /><!-- duration: 31ms -->
    <step title="Starting PushDeployAsync" date="2025-07-30T06:13:19.002" /><!-- duration: 31ms -->
    <step title="Updating shutdown sentinel last write time" date="2025-07-30T06:13:19.112" SemaphoreCount="7" /><!-- duration: 16ms -->
    <step title="LockFile &apos;C:\home\site\locks\deployments.lock&apos; acquired" date="2025-07-30T06:13:19.159" /><!-- duration: 16ms -->
    <step title="Deleting outdated zip file C:\home\data\SitePackages\20250730034356.zip" date="2025-07-30T06:13:19.221" /><!-- duration: 47ms -->
    <step title="Saving request content to C:\home\data\SitePackages\20250730061318.zip" date="2025-07-30T06:13:19.299" >
      <step title="Total 1,651,164 bytes written to C:\home\data\SitePackages\20250730061318.zip" date="2025-07-30T06:13:19.393" /><!-- duration: 16ms -->
    </step><!-- duration: 219ms -->
    <step title="LockFile &apos;C:\home\site\locks\deployments.lock&apos; released" date="2025-07-30T06:13:19.549" /><!-- duration: 16ms -->
    <step title="Deleting shutdown sentinel file" date="2025-07-30T06:13:19.612" SemaphoreCount="8" /><!-- duration: 31ms -->
    <step title="Starting FetchDeploy" date="2025-07-30T06:13:19.659" /><!-- duration: 31ms -->
    <step title="Attempting to fetch target branch HEAD" date="2025-07-30T06:13:19.705" /><!-- duration: 31ms -->
    <step title="Updating shutdown sentinel last write time" date="2025-07-30T06:13:19.784" SemaphoreCount="7" /><!-- duration: 31ms -->
    <step title="LockFile &apos;C:\home\site\locks\deployments.lock&apos; acquired" date="2025-07-30T06:13:19.831" /><!-- duration: 16ms -->
    <step title="Performing fetch based deployment" date="2025-07-30T06:13:19.878" >
      <step title="Creating temporary deployment" date="2025-07-30T06:13:19.909" /><!-- duration: 141ms -->
      <step title="Fetching changes." date="2025-07-30T06:13:20.300" /><!-- duration: 31ms -->
      <step title="Starting LocalZipHandler" date="2025-07-30T06:13:20.378" /><!-- duration: 16ms -->
      <step title="Starting ExtractTriggers" date="2025-07-30T06:13:20.425" /><!-- duration: 16ms -->
      <step title="None repository commit" date="2025-07-30T06:13:20.565" >
        <step title="Commit id: 92f5886ba9eb49fdb9718932100ef662" date="2025-07-30T06:13:20.581" Message="Created via a push deployment" AuthorName="N/A" AuthorEmail="N/A" /><!-- duration: 31ms -->
      </step><!-- duration: 63ms -->
      <step title="Before sending BuildRequestReceived status to /api/updatedeploystatus" date="2025-07-30T06:13:20.644" /><!-- duration: 31ms -->
      <step title="DeploymentManager.Deploy(id:92f5886ba9eb49fdb9718932100ef662)" date="2025-07-30T06:13:20.690" >
        <step title="Collecting changeset information" date="2025-07-30T06:13:20.737" /><!-- duration: 187ms -->
        <step title="Updating submodules" date="2025-07-30T06:13:20.940" >
          <step title="Updating submodules." date="2025-07-30T06:13:21.144" /><!-- duration: 16ms -->
        </step><!-- duration: 266ms -->
        <step title="Preparing deployment for commit id &apos;92f5886ba9&apos;." date="2025-07-30T06:13:21.425" /><!-- duration: 31ms -->
        <step title="Determining deployment builder" date="2025-07-30T06:13:21.690" >
          <step title="Builder is RunFromZipSiteBuilder" date="2025-07-30T06:13:21.706" /><!-- duration: 31ms -->
        </step><!-- duration: 62ms -->
        <step title="Copying SSH keys" date="2025-07-30T06:13:21.847" /><!-- duration: 31ms -->
        <step title="Building" date="2025-07-30T06:13:21.894" >
          <step title="Skipping build. Project type: Run-From-Zip" date="2025-07-30T06:13:22.112" /><!-- duration: 16ms -->
          <step title="Skipping post build. Project type: Run-From-Zip" date="2025-07-30T06:13:22.378" /><!-- duration: 16ms -->
          <step title="Triggering recycle (preview mode disabled)." date="2025-07-30T06:13:22.644" /><!-- duration: 16ms -->
          <step title="Ignoring FS watcher based recycle request as this is a classic Windows app." date="2025-07-30T06:13:22.706" /><!-- duration: 31ms -->
          <step title="Deployment successful. DEPLOYMENTINFO: deploymentPath = Functions App ZipDeploy. Run from package. Ignore remote build., deployer = ZipDeploy, os = windows, sku = Dynamic, language = node, siteName = webhook-functions-sharepoint-002, slotName = Production, siteHostName = webhook-functions-sharepoint-002.azurewebsites.net, deploymentStatus = Success" date="2025-07-30T06:13:22.940" /><!-- duration: 16ms -->
          <step title="Purge deployment items" date="2025-07-30T06:13:23.690" >
            <step title="Remove 0eefcb5fb, Success, received at 7/30/2025 3:01:31 AM" date="2025-07-30T06:13:23.972" /><!-- duration: 31ms -->
          </step><!-- duration: 328ms -->
        </step><!-- duration: 2219ms -->
      </step><!-- duration: 3453ms -->
      <step title="Cleaning up temp files" date="2025-07-30T06:13:24.159" /><!-- duration: 16ms -->
      <step title="Updating C:\home\data\SitePackages\packagename.txt with deployment 20250730061318.zip" date="2025-07-30T06:13:24.206" /><!-- duration: 47ms -->
      <step title="Begin HttpPost https://webhook-functions-sharepoint-002.scm.azurewebsites.net/operations/settriggers, x-ms-request-id: 3d5e87c9-2860-4987-9925-89dec86d4be2" date="2025-07-30T06:13:24.331" /><!-- duration: 15ms -->
      <step title="End HttpPost, status: OK" date="2025-07-30T06:13:24.628" /><!-- duration: 31ms -->
      <step title="Scheduling background sync triggers after delay" date="2025-07-30T06:13:24.690" /><!-- duration: 31ms -->
    </step><!-- duration: 5078ms -->
    <step title="LockFile &apos;C:\home\site\locks\deployments.lock&apos; released" date="2025-07-30T06:13:24.987" /><!-- duration: 31ms -->
  </step><!-- duration: 6141ms -->
  <step title="Outgoing response" date="2025-07-30T06:13:25.112" type="response" statusCode="200" statusText="OK" Server="Microsoft-IIS/10.0" x-ms-request-id="3d5e87c9-2860-4987-9925-89dec86d4be2" Cache-Control="private" X-AspNet-Version="4.0.30319" /><!-- duration: 31ms -->
</step><!-- duration: 6641ms -->
