<step title="Incoming Request" date="2025-08-04T16:59:30.409" instance="033c91" url="/api/zipdeploy" method="POST" type="request" pid="5980,2,10" Content-Length="1666893" Content-Type="application/zip" Authorization="Bea..." Host="webhook-functions-sharepoint-002.scm.azurewebsites.net" If-Match="*" User-Agent="functions-core-tools/4.1.0" X-ARR-LOG-ID="f1a098cf-a484-460c-bfe7-d29e9852988d" CLIENT-IP="131.239.142.46:51226" X-SITE-DEPLOYMENT-ID="webhook-functions-sharepoint-002" WAS-DEFAULT-HOSTNAME="webhook-functions-sharepoint-002.scm.azurewebsites.net" X-Forwarded-Proto="https" X-AppService-Proto="https" X-Forwarded-TlsVersion="1.2" X-WAWS-Unencoded-URL="/api/zipdeploy" >
  <step title="ZipPushDeploy" date="2025-08-04T16:59:30.472" >
    <step title="Functions App ZipDeploy. Run from package. Ignore remote build." date="2025-08-04T16:59:30.503" /><!-- duration: 16ms -->
    <step title="Starting PushDeployAsync" date="2025-08-04T16:59:30.550" /><!-- duration: 31ms -->
    <step title="Updating shutdown sentinel last write time" date="2025-08-04T16:59:30.628" SemaphoreCount="6" /><!-- duration: 31ms -->
    <step title="LockFile &apos;C:\home\site\locks\deployments.lock&apos; acquired" date="2025-08-04T16:59:30.691" /><!-- duration: 16ms -->
    <step title="Deleting outdated zip file C:\home\data\SitePackages\20250804152905.zip" date="2025-08-04T16:59:30.754" /><!-- duration: 47ms -->
    <step title="Saving request content to C:\home\data\SitePackages\20250804165930.zip" date="2025-08-04T16:59:30.832" >
      <step title="Total 1,666,893 bytes written to C:\home\data\SitePackages\20250804165930.zip" date="2025-08-04T16:59:30.894" /><!-- duration: 31ms -->
    </step><!-- duration: 205ms -->
    <step title="LockFile &apos;C:\home\site\locks\deployments.lock&apos; released" date="2025-08-04T16:59:31.084" /><!-- duration: 16ms -->
    <step title="Starting FetchDeploy" date="2025-08-04T16:59:31.147" /><!-- duration: 47ms -->
    <step title="Attempting to fetch target branch HEAD" date="2025-08-04T16:59:31.209" /><!-- duration: 31ms -->
    <step title="Updating shutdown sentinel last write time" date="2025-08-04T16:59:31.272" SemaphoreCount="6" /><!-- duration: 31ms -->
    <step title="LockFile &apos;C:\home\site\locks\deployments.lock&apos; acquired" date="2025-08-04T16:59:31.319" /><!-- duration: 31ms -->
    <step title="Performing fetch based deployment" date="2025-08-04T16:59:31.366" >
      <step title="Creating temporary deployment" date="2025-08-04T16:59:31.397" /><!-- duration: 156ms -->
      <step title="Fetching changes." date="2025-08-04T16:59:31.756" /><!-- duration: 31ms -->
      <step title="Starting LocalZipHandler" date="2025-08-04T16:59:31.834" /><!-- duration: 31ms -->
      <step title="Starting ExtractTriggers" date="2025-08-04T16:59:31.881" /><!-- duration: 31ms -->
      <step title="None repository commit" date="2025-08-04T16:59:32.022" >
        <step title="Commit id: bc113f8337f441c9a2db62b58c9ecc8b" date="2025-08-04T16:59:32.070" Message="Created via a push deployment" AuthorName="N/A" AuthorEmail="N/A" /><!-- duration: 30ms -->
      </step><!-- duration: 94ms -->
      <step title="Before sending BuildRequestReceived status to /api/updatedeploystatus" date="2025-08-04T16:59:32.147" /><!-- duration: 16ms -->
      <step title="DeploymentManager.Deploy(id:bc113f8337f441c9a2db62b58c9ecc8b)" date="2025-08-04T16:59:32.194" >
        <step title="Collecting changeset information" date="2025-08-04T16:59:32.241" /><!-- duration: 188ms -->
        <step title="Updating submodules" date="2025-08-04T16:59:32.444" >
          <step title="Updating submodules." date="2025-08-04T16:59:32.647" /><!-- duration: 31ms -->
        </step><!-- duration: 266ms -->
        <step title="Preparing deployment for commit id &apos;bc113f8337&apos;." date="2025-08-04T16:59:32.944" /><!-- duration: 31ms -->
        <step title="Determining deployment builder" date="2025-08-04T16:59:33.178" >
          <step title="Builder is RunFromZipSiteBuilder" date="2025-08-04T16:59:33.209" /><!-- duration: 16ms -->
        </step><!-- duration: 78ms -->
        <step title="Copying SSH keys" date="2025-08-04T16:59:33.334" /><!-- duration: 47ms -->
        <step title="Building" date="2025-08-04T16:59:33.397" >
          <step title="Skipping build. Project type: Run-From-Zip" date="2025-08-04T16:59:33.616" /><!-- duration: 31ms -->
          <step title="Skipping post build. Project type: Run-From-Zip" date="2025-08-04T16:59:33.901" /><!-- duration: 11ms -->
          <step title="Triggering recycle (preview mode disabled)." date="2025-08-04T16:59:34.194" /><!-- duration: 31ms -->
          <step title="Ignoring FS watcher based recycle request as this is a classic Windows app." date="2025-08-04T16:59:34.256" /><!-- duration: 31ms -->
          <step title="Deployment successful. DEPLOYMENTINFO: deploymentPath = Functions App ZipDeploy. Run from package. Ignore remote build., deployer = ZipDeploy, os = windows, sku = Dynamic, language = node, siteName = webhook-functions-sharepoint-002, slotName = Production, siteHostName = webhook-functions-sharepoint-002.azurewebsites.net, deploymentStatus = Success" date="2025-08-04T16:59:34.491" /><!-- duration: 31ms -->
          <step title="Purge deployment items" date="2025-08-04T16:59:35.084" >
            <step title="Remove 5b0ccec1b, Success, received at 8/4/2025 8:20:06 AM" date="2025-08-04T16:59:35.397" /><!-- duration: 16ms -->
          </step><!-- duration: 359ms -->
        </step><!-- duration: 2142ms -->
      </step><!-- duration: 3359ms -->
      <step title="Cleaning up temp files" date="2025-08-04T16:59:35.569" /><!-- duration: 16ms -->
      <step title="Updating C:\home\data\SitePackages\packagename.txt with deployment 20250804165930.zip" date="2025-08-04T16:59:35.616" /><!-- duration: 62ms -->
      <step title="Begin HttpPost https://webhook-functions-sharepoint-002.scm.azurewebsites.net/operations/settriggers, x-ms-request-id: f1a098cf-a484-460c-bfe7-d29e9852988d" date="2025-08-04T16:59:35.709" /><!-- duration: 31ms -->
      <step title="End HttpPost, status: OK" date="2025-08-04T16:59:35.819" /><!-- duration: 31ms -->
      <step title="Scheduling background sync triggers after delay" date="2025-08-04T16:59:35.866" /><!-- duration: 16ms -->
    </step><!-- duration: 4766ms -->
    <step title="LockFile &apos;C:\home\site\locks\deployments.lock&apos; released" date="2025-08-04T16:59:36.162" /><!-- duration: 16ms -->
  </step><!-- duration: 5753ms -->
  <step title="Outgoing response" date="2025-08-04T16:59:36.256" type="response" statusCode="200" statusText="OK" Server="Microsoft-IIS/10.0" x-ms-request-id="f1a098cf-a484-460c-bfe7-d29e9852988d" Cache-Control="private" X-AspNet-Version="4.0.30319" /><!-- duration: 16ms -->
</step><!-- duration: 5909ms -->
