<step title="Incoming Request" date="2025-07-30T03:43:56.523" instance="75d6f6" url="/api/zipdeploy" method="POST" type="request" pid="4220,2,15" Content-Length="1649650" Content-Type="application/zip" Authorization="Bea..." Host="webhook-functions-sharepoint-002.scm.azurewebsites.net" If-Match="*" User-Agent="functions-core-tools/4.1.0" X-ARR-LOG-ID="6a0001e9-91d7-42b0-b399-e8401a01dc67" CLIENT-IP="104.55.129.222:53253" X-SITE-DEPLOYMENT-ID="webhook-functions-sharepoint-002" WAS-DEFAULT-HOSTNAME="webhook-functions-sharepoint-002.scm.azurewebsites.net" X-Forwarded-Proto="https" X-AppService-Proto="https" X-Forwarded-TlsVersion="1.2" X-WAWS-Unencoded-URL="/api/zipdeploy" >
  <step title="Cleanup Xml Logs" date="2025-07-30T03:43:56.536" /><!-- duration: 31ms -->
  <step title="ZipPushDeploy" date="2025-07-30T03:43:56.598" >
    <step title="Functions App ZipDeploy. Run from package. Ignore remote build." date="2025-07-30T03:43:56.629" /><!-- duration: 16ms -->
    <step title="Starting PushDeployAsync" date="2025-07-30T03:43:56.661" /><!-- duration: 31ms -->
    <step title="Updating shutdown sentinel last write time" date="2025-07-30T03:43:56.723" SemaphoreCount="6" /><!-- duration: 31ms -->
    <step title="LockFile &apos;C:\home\site\locks\deployments.lock&apos; acquired" date="2025-07-30T03:43:56.770" /><!-- duration: 31ms -->
    <step title="Deleting outdated zip file C:\home\data\SitePackages\20250730032858.zip" date="2025-07-30T03:43:56.832" /><!-- duration: 47ms -->
    <step title="Saving request content to C:\home\data\SitePackages\20250730034356.zip" date="2025-07-30T03:43:56.895" >
      <step title="Total 1,649,650 bytes written to C:\home\data\SitePackages\20250730034356.zip" date="2025-07-30T03:43:56.973" /><!-- duration: 16ms -->
    </step><!-- duration: 203ms -->
    <step title="LockFile &apos;C:\home\site\locks\deployments.lock&apos; released" date="2025-07-30T03:43:57.146" /><!-- duration: 16ms -->
    <step title="Starting FetchDeploy" date="2025-07-30T03:43:57.224" /><!-- duration: 16ms -->
    <step title="Attempting to fetch target branch HEAD" date="2025-07-30T03:43:57.271" /><!-- duration: 31ms -->
    <step title="Updating shutdown sentinel last write time" date="2025-07-30T03:43:57.334" SemaphoreCount="6" /><!-- duration: 16ms -->
    <step title="LockFile &apos;C:\home\site\locks\deployments.lock&apos; acquired" date="2025-07-30T03:43:57.365" /><!-- duration: 16ms -->
    <step title="Performing fetch based deployment" date="2025-07-30T03:43:57.412" >
      <step title="Creating temporary deployment" date="2025-07-30T03:43:57.427" /><!-- duration: 141ms -->
      <step title="Fetching changes." date="2025-07-30T03:43:57.787" /><!-- duration: 16ms -->
      <step title="Starting LocalZipHandler" date="2025-07-30T03:43:57.849" /><!-- duration: 31ms -->
      <step title="Starting ExtractTriggers" date="2025-07-30T03:43:57.896" /><!-- duration: 16ms -->
      <step title="None repository commit" date="2025-07-30T03:43:58.052" >
        <step title="Commit id: c78e4a3c808f499b88461930b9f500e6" date="2025-07-30T03:43:58.084" Message="Created via a push deployment" AuthorName="N/A" AuthorEmail="N/A" /><!-- duration: 16ms -->
      </step><!-- duration: 78ms -->
      <step title="Before sending BuildRequestReceived status to /api/updatedeploystatus" date="2025-07-30T03:43:58.146" /><!-- duration: 16ms -->
      <step title="DeploymentManager.Deploy(id:c78e4a3c808f499b88461930b9f500e6)" date="2025-07-30T03:43:58.193" >
        <step title="Collecting changeset information" date="2025-07-30T03:43:58.224" /><!-- duration: 219ms -->
        <step title="Updating submodules" date="2025-07-30T03:43:58.490" >
          <step title="Updating submodules." date="2025-07-30T03:43:58.662" /><!-- duration: 18ms -->
        </step><!-- duration: 250ms -->
        <step title="Preparing deployment for commit id &apos;c78e4a3c80&apos;." date="2025-07-30T03:43:58.928" /><!-- duration: 16ms -->
        <step title="Determining deployment builder" date="2025-07-30T03:43:59.147" >
          <step title="Builder is RunFromZipSiteBuilder" date="2025-07-30T03:43:59.162" /><!-- duration: 16ms -->
        </step><!-- duration: 62ms -->
        <step title="Copying SSH keys" date="2025-07-30T03:43:59.287" /><!-- duration: 31ms -->
        <step title="Building" date="2025-07-30T03:43:59.350" >
          <step title="Skipping build. Project type: Run-From-Zip" date="2025-07-30T03:43:59.553" /><!-- duration: 31ms -->
          <step title="Skipping post build. Project type: Run-From-Zip" date="2025-07-30T03:43:59.818" /><!-- duration: 31ms -->
          <step title="Triggering recycle (preview mode disabled)." date="2025-07-30T03:44:00.069" /><!-- duration: 15ms -->
          <step title="Ignoring FS watcher based recycle request as this is a classic Windows app." date="2025-07-30T03:44:00.131" /><!-- duration: 17ms -->
          <step title="Deployment successful. DEPLOYMENTINFO: deploymentPath = Functions App ZipDeploy. Run from package. Ignore remote build., deployer = ZipDeploy, os = windows, sku = Dynamic, language = node, siteName = webhook-functions-sharepoint-002, slotName = Production, siteHostName = webhook-functions-sharepoint-002.azurewebsites.net, deploymentStatus = Success" date="2025-07-30T03:44:00.350" /><!-- duration: 16ms -->
          <step title="Purge deployment items" date="2025-07-30T03:44:00.866" >
            <step title="Remove ec5ec7e39, Success, received at 7/30/2025 2:52:02 AM" date="2025-07-30T03:44:01.131" /><!-- duration: 16ms -->
          </step><!-- duration: 312ms -->
        </step><!-- duration: 1969ms -->
      </step><!-- duration: 3157ms -->
      <step title="Cleaning up temp files" date="2025-07-30T03:44:01.366" /><!-- duration: 31ms -->
      <step title="Updating C:\home\data\SitePackages\packagename.txt with deployment 20250730034356.zip" date="2025-07-30T03:44:01.413" /><!-- duration: 47ms -->
      <step title="Begin HttpPost https://webhook-functions-sharepoint-002.scm.azurewebsites.net/operations/settriggers, x-ms-request-id: 6a0001e9-91d7-42b0-b399-e8401a01dc67" date="2025-07-30T03:44:01.491" /><!-- duration: 16ms -->
      <step title="End HttpPost, status: OK" date="2025-07-30T03:44:01.616" /><!-- duration: 15ms -->
      <step title="Scheduling background sync triggers after delay" date="2025-07-30T03:44:01.647" /><!-- duration: 31ms -->
    </step><!-- duration: 4504ms -->
    <step title="LockFile &apos;C:\home\site\locks\deployments.lock&apos; released" date="2025-07-30T03:44:01.947" /><!-- duration: 32ms -->
  </step><!-- duration: 5427ms -->
  <step title="Outgoing response" date="2025-07-30T03:44:02.040" type="response" statusCode="200" statusText="OK" Server="Microsoft-IIS/10.0" x-ms-request-id="6a0001e9-91d7-42b0-b399-e8401a01dc67" Cache-Control="private" X-AspNet-Version="4.0.30319" /><!-- duration: 31ms -->
</step><!-- duration: 5565ms -->
