<step title="Incoming Request" date="2025-08-04T08:30:48.120" instance="c1f1fa" url="/api/zipdeploy" method="POST" type="request" pid="6260,2,9" Content-Length="1664261" Content-Type="application/zip" Authorization="Bea..." Host="webhook-functions-sharepoint-002.scm.azurewebsites.net" If-Match="*" User-Agent="functions-core-tools/4.1.0" X-ARR-LOG-ID="c0476599-841f-4d6f-a037-baba50123d20" CLIENT-IP="104.55.129.222:49966" X-SITE-DEPLOYMENT-ID="webhook-functions-sharepoint-002" WAS-DEFAULT-HOSTNAME="webhook-functions-sharepoint-002.scm.azurewebsites.net" X-Forwarded-Proto="https" X-AppService-Proto="https" X-Forwarded-TlsVersion="1.2" X-WAWS-Unencoded-URL="/api/zipdeploy" >
  <step title="ZipPushDeploy" date="2025-08-04T08:30:48.198" >
    <step title="Functions App ZipDeploy. Run from package. Ignore remote build." date="2025-08-04T08:30:48.260" /><!-- duration: 16ms -->
    <step title="Starting PushDeployAsync" date="2025-08-04T08:30:48.307" /><!-- duration: 16ms -->
    <step title="Updating shutdown sentinel last write time" date="2025-08-04T08:30:48.385" SemaphoreCount="7" /><!-- duration: 31ms -->
    <step title="LockFile &apos;C:\home\site\locks\deployments.lock&apos; acquired" date="2025-08-04T08:30:48.448" /><!-- duration: 16ms -->
    <step title="Deleting outdated zip file C:\home\data\SitePackages\20250804080203.zip" date="2025-08-04T08:30:48.510" /><!-- duration: 47ms -->
    <step title="Saving request content to C:\home\data\SitePackages\20250804083048.zip" date="2025-08-04T08:30:48.589" >
      <step title="Total 1,664,261 bytes written to C:\home\data\SitePackages\20250804083048.zip" date="2025-08-04T08:30:48.667" /><!-- duration: 16ms -->
    </step><!-- duration: 188ms -->
    <step title="LockFile &apos;C:\home\site\locks\deployments.lock&apos; released" date="2025-08-04T08:30:48.807" /><!-- duration: 16ms -->
    <step title="Deleting shutdown sentinel file" date="2025-08-04T08:30:48.870" SemaphoreCount="8" /><!-- duration: 16ms -->
    <step title="Starting FetchDeploy" date="2025-08-04T08:30:48.917" /><!-- duration: 16ms -->
    <step title="Attempting to fetch target branch HEAD" date="2025-08-04T08:30:48.964" /><!-- duration: 15ms -->
    <step title="Updating shutdown sentinel last write time" date="2025-08-04T08:30:49.026" SemaphoreCount="7" /><!-- duration: 31ms -->
    <step title="LockFile &apos;C:\home\site\locks\deployments.lock&apos; acquired" date="2025-08-04T08:30:49.089" /><!-- duration: 31ms -->
    <step title="Performing fetch based deployment" date="2025-08-04T08:30:49.136" >
      <step title="Creating temporary deployment" date="2025-08-04T08:30:49.167" /><!-- duration: 141ms -->
      <step title="Fetching changes." date="2025-08-04T08:30:49.542" /><!-- duration: 16ms -->
      <step title="Starting LocalZipHandler" date="2025-08-04T08:30:49.604" /><!-- duration: 31ms -->
      <step title="Starting ExtractTriggers" date="2025-08-04T08:30:49.651" /><!-- duration: 32ms -->
      <step title="None repository commit" date="2025-08-04T08:30:49.807" >
        <step title="Commit id: 435c32985c9c4752908e67e44194200c" date="2025-08-04T08:30:49.839" Message="Created via a push deployment" AuthorName="N/A" AuthorEmail="N/A" /><!-- duration: 16ms -->
      </step><!-- duration: 78ms -->
      <step title="Before sending BuildRequestReceived status to /api/updatedeploystatus" date="2025-08-04T08:30:49.901" /><!-- duration: 16ms -->
      <step title="DeploymentManager.Deploy(id:435c32985c9c4752908e67e44194200c)" date="2025-08-04T08:30:49.948" >
        <step title="Collecting changeset information" date="2025-08-04T08:30:49.995" /><!-- duration: 172ms -->
        <step title="Updating submodules" date="2025-08-04T08:30:50.183" >
          <step title="Updating submodules." date="2025-08-04T08:30:50.401" /><!-- duration: 16ms -->
        </step><!-- duration: 281ms -->
        <step title="Preparing deployment for commit id &apos;435c32985c&apos;." date="2025-08-04T08:30:50.667" /><!-- duration: 16ms -->
        <step title="Determining deployment builder" date="2025-08-04T08:30:50.932" >
          <step title="Builder is RunFromZipSiteBuilder" date="2025-08-04T08:30:50.964" /><!-- duration: 31ms -->
        </step><!-- duration: 94ms -->
        <step title="Copying SSH keys" date="2025-08-04T08:30:51.120" /><!-- duration: 32ms -->
        <step title="Building" date="2025-08-04T08:30:51.167" >
          <step title="Skipping build. Project type: Run-From-Zip" date="2025-08-04T08:30:51.403" /><!-- duration: 16ms -->
          <step title="Skipping post build. Project type: Run-From-Zip" date="2025-08-04T08:30:51.653" /><!-- duration: 16ms -->
          <step title="Triggering recycle (preview mode disabled)." date="2025-08-04T08:30:51.903" /><!-- duration: 34ms -->
          <step title="Ignoring FS watcher based recycle request as this is a classic Windows app." date="2025-08-04T08:30:51.984" /><!-- duration: 31ms -->
          <step title="Deployment successful. DEPLOYMENTINFO: deploymentPath = Functions App ZipDeploy. Run from package. Ignore remote build., deployer = ZipDeploy, os = windows, sku = Dynamic, language = node, siteName = webhook-functions-sharepoint-002, slotName = Production, siteHostName = webhook-functions-sharepoint-002.azurewebsites.net, deploymentStatus = Success" date="2025-08-04T08:30:52.281" /><!-- duration: 31ms -->
          <step title="Purge deployment items" date="2025-08-04T08:30:53.000" >
            <step title="Remove aeba0ab00, Success, received at 7/30/2025 3:47:56 AM" date="2025-08-04T08:30:53.296" /><!-- duration: 16ms -->
          </step><!-- duration: 344ms -->
        </step><!-- duration: 2270ms -->
      </step><!-- duration: 3520ms -->
      <step title="Cleaning up temp files" date="2025-08-04T08:30:53.484" /><!-- duration: 16ms -->
      <step title="Updating C:\home\data\SitePackages\packagename.txt with deployment 20250804083048.zip" date="2025-08-04T08:30:53.531" /><!-- duration: 78ms -->
      <step title="Begin HttpPost https://webhook-functions-sharepoint-002.scm.azurewebsites.net/operations/settriggers, x-ms-request-id: c0476599-841f-4d6f-a037-baba50123d20" date="2025-08-04T08:30:53.640" /><!-- duration: 16ms -->
      <step title="End HttpPost, status: OK" date="2025-08-04T08:30:53.843" /><!-- duration: 31ms -->
      <step title="Scheduling background sync triggers after delay" date="2025-08-04T08:30:53.890" /><!-- duration: 16ms -->
    </step><!-- duration: 4989ms -->
    <step title="LockFile &apos;C:\home\site\locks\deployments.lock&apos; released" date="2025-08-04T08:30:54.156" /><!-- duration: 31ms -->
  </step><!-- duration: 6020ms -->
  <step title="Outgoing response" date="2025-08-04T08:30:54.250" type="response" statusCode="200" statusText="OK" Server="Microsoft-IIS/10.0" x-ms-request-id="c0476599-841f-4d6f-a037-baba50123d20" Cache-Control="private" X-AspNet-Version="4.0.30319" /><!-- duration: 16ms -->
</step><!-- duration: 6177ms -->
