<step title="Incoming Request" date="2025-08-04T08:32:06.953" instance="c1f1fa" url="/api/zipdeploy" method="POST" type="request" pid="6260,2,11" Content-Length="1665843" Content-Type="application/zip" Authorization="Bea..." Host="webhook-functions-sharepoint-002.scm.azurewebsites.net" If-Match="*" User-Agent="functions-core-tools/4.1.0" X-ARR-LOG-ID="957a1cd4-03d9-428c-904d-aa7e68524a99" CLIENT-IP="104.55.129.222:50170" X-SITE-DEPLOYMENT-ID="webhook-functions-sharepoint-002" WAS-DEFAULT-HOSTNAME="webhook-functions-sharepoint-002.scm.azurewebsites.net" X-Forwarded-Proto="https" X-AppService-Proto="https" X-Forwarded-TlsVersion="1.2" X-WAWS-Unencoded-URL="/api/zipdeploy" >
  <step title="ZipPushDeploy" date="2025-08-04T08:32:07.000" >
    <step title="Functions App ZipDeploy. Run from package. Ignore remote build." date="2025-08-04T08:32:07.015" /><!-- duration: 31ms -->
    <step title="Starting PushDeployAsync" date="2025-08-04T08:32:07.062" /><!-- duration: 31ms -->
    <step title="Updating shutdown sentinel last write time" date="2025-08-04T08:32:07.140" SemaphoreCount="7" /><!-- duration: 16ms -->
    <step title="LockFile &apos;C:\home\site\locks\deployments.lock&apos; acquired" date="2025-08-04T08:32:07.187" /><!-- duration: 16ms -->
    <step title="Deleting outdated zip file C:\home\data\SitePackages\20250804082004.zip" date="2025-08-04T08:32:07.265" /><!-- duration: 31ms -->
    <step title="Saving request content to C:\home\data\SitePackages\20250804083207.zip" date="2025-08-04T08:32:07.328" >
      <step title="Total 1,665,843 bytes written to C:\home\data\SitePackages\20250804083207.zip" date="2025-08-04T08:32:07.406" /><!-- duration: 31ms -->
    </step><!-- duration: 203ms -->
    <step title="LockFile &apos;C:\home\site\locks\deployments.lock&apos; released" date="2025-08-04T08:32:07.562" /><!-- duration: 16ms -->
    <step title="Deleting shutdown sentinel file" date="2025-08-04T08:32:07.625" SemaphoreCount="8" /><!-- duration: 31ms -->
    <step title="Starting FetchDeploy" date="2025-08-04T08:32:07.672" /><!-- duration: 31ms -->
    <step title="Attempting to fetch target branch HEAD" date="2025-08-04T08:32:07.718" /><!-- duration: 31ms -->
    <step title="Updating shutdown sentinel last write time" date="2025-08-04T08:32:07.781" SemaphoreCount="7" /><!-- duration: 31ms -->
    <step title="LockFile &apos;C:\home\site\locks\deployments.lock&apos; acquired" date="2025-08-04T08:32:07.843" /><!-- duration: 16ms -->
    <step title="Performing fetch based deployment" date="2025-08-04T08:32:07.890" >
      <step title="Creating temporary deployment" date="2025-08-04T08:32:07.906" /><!-- duration: 156ms -->
      <step title="Fetching changes." date="2025-08-04T08:32:08.281" /><!-- duration: 17ms -->
      <step title="Starting LocalZipHandler" date="2025-08-04T08:32:08.359" /><!-- duration: 16ms -->
      <step title="Starting ExtractTriggers" date="2025-08-04T08:32:08.390" /><!-- duration: 31ms -->
      <step title="None repository commit" date="2025-08-04T08:32:08.531" >
        <step title="Commit id: b175db16a09449da853b9635861b8b08" date="2025-08-04T08:32:08.562" Message="Created via a push deployment" AuthorName="N/A" AuthorEmail="N/A" /><!-- duration: 16ms -->
      </step><!-- duration: 78ms -->
      <step title="Before sending BuildRequestReceived status to /api/updatedeploystatus" date="2025-08-04T08:32:08.625" /><!-- duration: 31ms -->
      <step title="DeploymentManager.Deploy(id:b175db16a09449da853b9635861b8b08)" date="2025-08-04T08:32:08.672" >
        <step title="Collecting changeset information" date="2025-08-04T08:32:08.734" /><!-- duration: 172ms -->
        <step title="Updating submodules" date="2025-08-04T08:32:08.937" >
          <step title="Updating submodules." date="2025-08-04T08:32:09.172" /><!-- duration: 16ms -->
        </step><!-- duration: 312ms -->
        <step title="Preparing deployment for commit id &apos;b175db16a0&apos;." date="2025-08-04T08:32:09.468" /><!-- duration: 16ms -->
        <step title="Determining deployment builder" date="2025-08-04T08:32:09.734" >
          <step title="Builder is RunFromZipSiteBuilder" date="2025-08-04T08:32:09.765" /><!-- duration: 16ms -->
        </step><!-- duration: 78ms -->
        <step title="Copying SSH keys" date="2025-08-04T08:32:09.906" /><!-- duration: 31ms -->
        <step title="Building" date="2025-08-04T08:32:09.968" >
          <step title="Skipping build. Project type: Run-From-Zip" date="2025-08-04T08:32:10.187" /><!-- duration: 31ms -->
          <step title="Skipping post build. Project type: Run-From-Zip" date="2025-08-04T08:32:10.500" /><!-- duration: 16ms -->
          <step title="Triggering recycle (preview mode disabled)." date="2025-08-04T08:32:10.765" /><!-- duration: 32ms -->
          <step title="Ignoring FS watcher based recycle request as this is a classic Windows app." date="2025-08-04T08:32:10.843" /><!-- duration: 31ms -->
          <step title="Deployment successful. DEPLOYMENTINFO: deploymentPath = Functions App ZipDeploy. Run from package. Ignore remote build., deployer = ZipDeploy, os = windows, sku = Dynamic, language = node, siteName = webhook-functions-sharepoint-002, slotName = Production, siteHostName = webhook-functions-sharepoint-002.azurewebsites.net, deploymentStatus = Success" date="2025-08-04T08:32:11.093" /><!-- duration: 31ms -->
          <step title="Purge deployment items" date="2025-08-04T08:32:11.813" >
            <step title="Remove 92f5886ba, Success, received at 7/30/2025 6:13:20 AM" date="2025-08-04T08:32:12.125" /><!-- duration: 31ms -->
          </step><!-- duration: 375ms -->
        </step><!-- duration: 2344ms -->
      </step><!-- duration: 3657ms -->
      <step title="Cleaning up temp files" date="2025-08-04T08:32:12.359" /><!-- duration: 16ms -->
      <step title="Updating C:\home\data\SitePackages\packagename.txt with deployment 20250804083207.zip" date="2025-08-04T08:32:12.406" /><!-- duration: 62ms -->
      <step title="Begin HttpPost https://webhook-functions-sharepoint-002.scm.azurewebsites.net/operations/settriggers, x-ms-request-id: 957a1cd4-03d9-428c-904d-aa7e68524a99" date="2025-08-04T08:32:12.531" /><!-- duration: 17ms -->
      <step title="End HttpPost, status: OK" date="2025-08-04T08:32:12.673" /><!-- duration: 16ms -->
      <step title="Scheduling background sync triggers after delay" date="2025-08-04T08:32:12.719" /><!-- duration: 16ms -->
    </step><!-- duration: 5079ms -->
    <step title="LockFile &apos;C:\home\site\locks\deployments.lock&apos; released" date="2025-08-04T08:32:13.001" /><!-- duration: 16ms -->
  </step><!-- duration: 6095ms -->
  <step title="Outgoing response" date="2025-08-04T08:32:13.126" type="response" statusCode="200" statusText="OK" Server="Microsoft-IIS/10.0" x-ms-request-id="957a1cd4-03d9-428c-904d-aa7e68524a99" Cache-Control="private" X-AspNet-Version="4.0.30319" /><!-- duration: 16ms -->
</step><!-- duration: 6220ms -->
