<step title="Incoming Request" date="2025-07-30T06:59:35.955" instance="44751d" url="/api/zipdeploy" method="POST" type="request" pid="4524,2,8" Connection="Keep-Alive" Content-Length="1651326" Content-Type="application/zip" Authorization="Bea..." Host="webhook-functions-sharepoint-002.scm.azurewebsites.net" If-Match="*" User-Agent="functions-core-tools/4.1.0" X-ARR-LOG-ID="b8beb61a-22e2-46a9-979a-d858ec66709b" CLIENT-IP="104.55.129.222:64099" X-SITE-DEPLOYMENT-ID="webhook-functions-sharepoint-002" WAS-DEFAULT-HOSTNAME="webhook-functions-sharepoint-002.scm.azurewebsites.net" X-Forwarded-Proto="https" X-AppService-Proto="https" X-Forwarded-TlsVersion="1.2" X-WAWS-Unencoded-URL="/api/zipdeploy" X-MS-COLDSTART="1" >
  <step title="ZipPushDeploy" date="2025-07-30T06:59:36.220" >
    <step title="Functions App ZipDeploy. Run from package. Ignore remote build." date="2025-07-30T06:59:36.267" /><!-- duration: 31ms -->
    <step title="Starting PushDeployAsync" date="2025-07-30T06:59:36.314" /><!-- duration: 31ms -->
    <step title="Updating shutdown sentinel last write time" date="2025-07-30T06:59:36.439" SemaphoreCount="7" /><!-- duration: 16ms -->
    <step title="LockFile &apos;C:\home\site\locks\deployments.lock&apos; acquired" date="2025-07-30T06:59:36.486" /><!-- duration: 16ms -->
    <step title="Deleting outdated zip file C:\home\data\SitePackages\20250730034755.zip" date="2025-07-30T06:59:36.548" /><!-- duration: 78ms -->
    <step title="Saving request content to C:\home\data\SitePackages\20250730065936.zip" date="2025-07-30T06:59:36.658" >
      <step title="Total 1,651,326 bytes written to C:\home\data\SitePackages\20250730065936.zip" date="2025-07-30T06:59:36.751" /><!-- duration: 31ms -->
    </step><!-- duration: 234ms -->
    <step title="LockFile &apos;C:\home\site\locks\deployments.lock&apos; released" date="2025-07-30T06:59:36.923" /><!-- duration: 47ms -->
    <step title="Deleting shutdown sentinel file" date="2025-07-30T06:59:37.001" SemaphoreCount="8" /><!-- duration: 31ms -->
    <step title="Starting FetchDeploy" date="2025-07-30T06:59:37.048" /><!-- duration: 31ms -->
    <step title="Attempting to fetch target branch HEAD" date="2025-07-30T06:59:37.095" /><!-- duration: 31ms -->
    <step title="Updating shutdown sentinel last write time" date="2025-07-30T06:59:37.173" SemaphoreCount="7" /><!-- duration: 16ms -->
    <step title="LockFile &apos;C:\home\site\locks\deployments.lock&apos; acquired" date="2025-07-30T06:59:37.220" /><!-- duration: 16ms -->
    <step title="Performing fetch based deployment" date="2025-07-30T06:59:37.267" >
      <step title="Creating temporary deployment" date="2025-07-30T06:59:37.298" /><!-- duration: 172ms -->
      <step title="Fetching changes." date="2025-07-30T06:59:37.689" /><!-- duration: 31ms -->
      <step title="Starting LocalZipHandler" date="2025-07-30T06:59:37.783" /><!-- duration: 31ms -->
      <step title="Starting ExtractTriggers" date="2025-07-30T06:59:37.845" /><!-- duration: 31ms -->
      <step title="None repository commit" date="2025-07-30T06:59:38.033" >
        <step title="Commit id: 4287596b3197453e9fbf7610f5025fd1" date="2025-07-30T06:59:38.064" Message="Created via a push deployment" AuthorName="N/A" AuthorEmail="N/A" /><!-- duration: 16ms -->
      </step><!-- duration: 78ms -->
      <step title="Before sending BuildRequestReceived status to /api/updatedeploystatus" date="2025-07-30T06:59:38.126" /><!-- duration: 31ms -->
      <step title="DeploymentManager.Deploy(id:4287596b3197453e9fbf7610f5025fd1)" date="2025-07-30T06:59:38.189" >
        <step title="Collecting changeset information" date="2025-07-30T06:59:38.236" /><!-- duration: 234ms -->
        <step title="Updating submodules" date="2025-07-30T06:59:38.486" >
          <step title="Updating submodules." date="2025-07-30T06:59:38.705" /><!-- duration: 31ms -->
        </step><!-- duration: 312ms -->
        <step title="Preparing deployment for commit id &apos;4287596b31&apos;." date="2025-07-30T06:59:39.080" /><!-- duration: 16ms -->
        <step title="Determining deployment builder" date="2025-07-30T06:59:39.314" >
          <step title="Builder is RunFromZipSiteBuilder" date="2025-07-30T06:59:39.345" /><!-- duration: 16ms -->
        </step><!-- duration: 78ms -->
        <step title="Copying SSH keys" date="2025-07-30T06:59:39.470" /><!-- duration: 47ms -->
        <step title="Building" date="2025-07-30T06:59:39.533" >
          <step title="Skipping build. Project type: Run-From-Zip" date="2025-07-30T06:59:39.767" /><!-- duration: 16ms -->
          <step title="Skipping post build. Project type: Run-From-Zip" date="2025-07-30T06:59:40.033" /><!-- duration: 36ms -->
          <step title="Triggering recycle (preview mode disabled)." date="2025-07-30T06:59:40.298" /><!-- duration: 31ms -->
          <step title="Ignoring FS watcher based recycle request as this is a classic Windows app." date="2025-07-30T06:59:40.376" /><!-- duration: 31ms -->
          <step title="Deployment successful. DEPLOYMENTINFO: deploymentPath = Functions App ZipDeploy. Run from package. Ignore remote build., deployer = ZipDeploy, os = windows, sku = Dynamic, language = node, siteName = webhook-functions-sharepoint-002, slotName = Production, siteHostName = webhook-functions-sharepoint-002.azurewebsites.net, deploymentStatus = Success" date="2025-07-30T06:59:40.626" /><!-- duration: 16ms -->
          <step title="Purge deployment items" date="2025-07-30T06:59:41.314" >
            <step title="Remove f0b3efa36, Success, received at 7/30/2025 3:07:16 AM" date="2025-07-30T06:59:41.611" /><!-- duration: 31ms -->
          </step><!-- duration: 344ms -->
        </step><!-- duration: 2219ms -->
      </step><!-- duration: 3594ms -->
      <step title="Cleaning up temp files" date="2025-07-30T06:59:41.798" /><!-- duration: 16ms -->
      <step title="Updating C:\home\data\SitePackages\packagename.txt with deployment 20250730065936.zip" date="2025-07-30T06:59:41.845" /><!-- duration: 78ms -->
      <step title="Begin HttpPost https://webhook-functions-sharepoint-002.scm.azurewebsites.net/operations/settriggers, x-ms-request-id: b8beb61a-22e2-46a9-979a-d858ec66709b" date="2025-07-30T06:59:42.001" /><!-- duration: 16ms -->
      <step title="End HttpPost, status: OK" date="2025-07-30T06:59:42.220" /><!-- duration: 31ms -->
      <step title="Scheduling background sync triggers after delay" date="2025-07-30T06:59:42.267" /><!-- duration: 31ms -->
    </step><!-- duration: 5266ms -->
    <step title="LockFile &apos;C:\home\site\locks\deployments.lock&apos; released" date="2025-07-30T06:59:42.580" /><!-- duration: 16ms -->
  </step><!-- duration: 6438ms -->
  <step title="Outgoing response" date="2025-07-30T06:59:42.705" type="response" statusCode="200" statusText="OK" Server="Microsoft-IIS/10.0" x-ms-request-id="b8beb61a-22e2-46a9-979a-d858ec66709b" Cache-Control="private" X-AspNet-Version="4.0.30319" /><!-- duration: 16ms -->
</step><!-- duration: 6781ms -->
