<step title="Incoming Request" date="2025-08-04T15:29:05.391" instance="de6439" url="/api/zipdeploy" method="POST" type="request" pid="6856,2,9" Content-Length="1663648" Content-Type="application/zip" Authorization="Bea..." Host="webhook-functions-sharepoint-002.scm.azurewebsites.net" If-Match="*" User-Agent="functions-core-tools/4.1.0" X-ARR-LOG-ID="496230af-fa77-47ac-a305-643f1d18fdfd" CLIENT-IP="131.239.142.46:60050" X-SITE-DEPLOYMENT-ID="webhook-functions-sharepoint-002" WAS-DEFAULT-HOSTNAME="webhook-functions-sharepoint-002.scm.azurewebsites.net" X-Forwarded-Proto="https" X-AppService-Proto="https" X-Forwarded-TlsVersion="1.2" X-WAWS-Unencoded-URL="/api/zipdeploy" >
  <step title="ZipPushDeploy" date="2025-08-04T15:29:05.469" >
    <step title="Functions App ZipDeploy. Run from package. Ignore remote build." date="2025-08-04T15:29:05.500" /><!-- duration: 31ms -->
    <step title="Starting PushDeployAsync" date="2025-08-04T15:29:05.563" /><!-- duration: 16ms -->
    <step title="Updating shutdown sentinel last write time" date="2025-08-04T15:29:05.657" SemaphoreCount="7" /><!-- duration: 15ms -->
    <step title="LockFile &apos;C:\home\site\locks\deployments.lock&apos; acquired" date="2025-08-04T15:29:05.703" /><!-- duration: 16ms -->
    <step title="Deleting outdated zip file C:\home\data\SitePackages\20250804083420.zip" date="2025-08-04T15:29:05.750" /><!-- duration: 47ms -->
    <step title="Saving request content to C:\home\data\SitePackages\20250804152905.zip" date="2025-08-04T15:29:05.813" >
      <step title="Total 1,663,648 bytes written to C:\home\data\SitePackages\20250804152905.zip" date="2025-08-04T15:29:05.891" /><!-- duration: 31ms -->
    </step><!-- duration: 187ms -->
    <step title="LockFile &apos;C:\home\site\locks\deployments.lock&apos; released" date="2025-08-04T15:29:06.032" /><!-- duration: 16ms -->
    <step title="Deleting shutdown sentinel file" date="2025-08-04T15:29:06.094" SemaphoreCount="8" /><!-- duration: 31ms -->
    <step title="Starting FetchDeploy" date="2025-08-04T15:29:06.141" /><!-- duration: 16ms -->
    <step title="Attempting to fetch target branch HEAD" date="2025-08-04T15:29:06.188" /><!-- duration: 16ms -->
    <step title="Updating shutdown sentinel last write time" date="2025-08-04T15:29:06.250" SemaphoreCount="7" /><!-- duration: 16ms -->
    <step title="LockFile &apos;C:\home\site\locks\deployments.lock&apos; acquired" date="2025-08-04T15:29:06.282" /><!-- duration: 16ms -->
    <step title="Performing fetch based deployment" date="2025-08-04T15:29:06.328" >
      <step title="Creating temporary deployment" date="2025-08-04T15:29:06.344" /><!-- duration: 141ms -->
      <step title="Fetching changes." date="2025-08-04T15:29:06.719" /><!-- duration: 16ms -->
      <step title="Starting LocalZipHandler" date="2025-08-04T15:29:06.782" /><!-- duration: 16ms -->
      <step title="Starting ExtractTriggers" date="2025-08-04T15:29:06.828" /><!-- duration: 16ms -->
      <step title="None repository commit" date="2025-08-04T15:29:06.938" >
        <step title="Commit id: 17c790d486b6436d9c0e5756378988dc" date="2025-08-04T15:29:06.953" Message="Created via a push deployment" AuthorName="N/A" AuthorEmail="N/A" /><!-- duration: 31ms -->
      </step><!-- duration: 63ms -->
      <step title="Before sending BuildRequestReceived status to /api/updatedeploystatus" date="2025-08-04T15:29:07.016" /><!-- duration: 31ms -->
      <step title="DeploymentManager.Deploy(id:17c790d486b6436d9c0e5756378988dc)" date="2025-08-04T15:29:07.082" >
        <step title="Collecting changeset information" date="2025-08-04T15:29:07.110" /><!-- duration: 156ms -->
        <step title="Updating submodules" date="2025-08-04T15:29:07.282" >
          <step title="Updating submodules." date="2025-08-04T15:29:07.469" /><!-- duration: 16ms -->
        </step><!-- duration: 234ms -->
        <step title="Preparing deployment for commit id &apos;17c790d486&apos;." date="2025-08-04T15:29:07.688" /><!-- duration: 16ms -->
        <step title="Determining deployment builder" date="2025-08-04T15:29:07.875" >
          <step title="Builder is RunFromZipSiteBuilder" date="2025-08-04T15:29:07.922" /><!-- duration: 16ms -->
        </step><!-- duration: 78ms -->
        <step title="Copying SSH keys" date="2025-08-04T15:29:08.016" /><!-- duration: 47ms -->
        <step title="Building" date="2025-08-04T15:29:08.078" >
          <step title="Skipping build. Project type: Run-From-Zip" date="2025-08-04T15:29:08.266" /><!-- duration: 16ms -->
          <step title="Skipping post build. Project type: Run-From-Zip" date="2025-08-04T15:29:08.469" /><!-- duration: 16ms -->
          <step title="Triggering recycle (preview mode disabled)." date="2025-08-04T15:29:08.688" /><!-- duration: 31ms -->
          <step title="Ignoring FS watcher based recycle request as this is a classic Windows app." date="2025-08-04T15:29:08.750" /><!-- duration: 16ms -->
          <step title="Deployment successful. DEPLOYMENTINFO: deploymentPath = Functions App ZipDeploy. Run from package. Ignore remote build., deployer = ZipDeploy, os = windows, sku = Dynamic, language = node, siteName = webhook-functions-sharepoint-002, slotName = Production, siteHostName = webhook-functions-sharepoint-002.azurewebsites.net, deploymentStatus = Success" date="2025-08-04T15:29:08.953" /><!-- duration: 16ms -->
          <step title="Purge deployment items" date="2025-08-04T15:29:09.563" >
            <step title="Remove 90679d8df, Success, received at 8/4/2025 7:46:45 AM" date="2025-08-04T15:29:09.844" /><!-- duration: 16ms -->
          </step><!-- duration: 328ms -->
        </step><!-- duration: 1937ms -->
      </step><!-- duration: 2965ms -->
      <step title="Cleaning up temp files" date="2025-08-04T15:29:10.063" /><!-- duration: 31ms -->
      <step title="Updating C:\home\data\SitePackages\packagename.txt with deployment 20250804152905.zip" date="2025-08-04T15:29:10.110" /><!-- duration: 63ms -->
      <step title="Begin HttpPost https://webhook-functions-sharepoint-002.scm.azurewebsites.net/operations/settriggers, x-ms-request-id: 496230af-fa77-47ac-a305-643f1d18fdfd" date="2025-08-04T15:29:10.219" /><!-- duration: 16ms -->
      <step title="End HttpPost, status: OK" date="2025-08-04T15:29:10.422" /><!-- duration: 31ms -->
      <step title="Scheduling background sync triggers after delay" date="2025-08-04T15:29:10.469" /><!-- duration: 16ms -->
    </step><!-- duration: 4360ms -->
    <step title="LockFile &apos;C:\home\site\locks\deployments.lock&apos; released" date="2025-08-04T15:29:10.720" /><!-- duration: 16ms -->
  </step><!-- duration: 5297ms -->
  <step title="Outgoing response" date="2025-08-04T15:29:10.782" type="response" statusCode="200" statusText="OK" Server="Microsoft-IIS/10.0" x-ms-request-id="496230af-fa77-47ac-a305-643f1d18fdfd" Cache-Control="private" X-AspNet-Version="4.0.30319" /><!-- duration: 31ms -->
</step><!-- duration: 5438ms -->
