<step title="Incoming Request" date="2025-08-04T08:36:00.891" instance="c1f1fa" url="/api/zipdeploy" method="POST" type="request" pid="3048,2,9" Content-Length="1666986" Content-Type="application/zip" Authorization="Bea..." Host="webhook-functions-sharepoint-002.scm.azurewebsites.net" If-Match="*" User-Agent="functions-core-tools/4.1.0" X-ARR-LOG-ID="1f3713db-8c5f-4cd0-999a-110240494d67" CLIENT-IP="104.55.129.222:50786" X-SITE-DEPLOYMENT-ID="webhook-functions-sharepoint-002" WAS-DEFAULT-HOSTNAME="webhook-functions-sharepoint-002.scm.azurewebsites.net" X-Forwarded-Proto="https" X-AppService-Proto="https" X-Forwarded-TlsVersion="1.2" X-WAWS-Unencoded-URL="/api/zipdeploy" >
  <step title="ZipPushDeploy" date="2025-08-04T08:36:00.953" >
    <step title="Functions App ZipDeploy. Run from package. Ignore remote build." date="2025-08-04T08:36:01.000" /><!-- duration: 31ms -->
    <step title="Starting PushDeployAsync" date="2025-08-04T08:36:01.047" /><!-- duration: 31ms -->
    <step title="Updating shutdown sentinel last write time" date="2025-08-04T08:36:01.141" SemaphoreCount="7" /><!-- duration: 16ms -->
    <step title="LockFile &apos;C:\home\site\locks\deployments.lock&apos; acquired" date="2025-08-04T08:36:01.172" /><!-- duration: 31ms -->
    <step title="Deleting outdated zip file C:\home\data\SitePackages\20250804083048.zip" date="2025-08-04T08:36:01.234" /><!-- duration: 47ms -->
    <step title="Saving request content to C:\home\data\SitePackages\20250804083601.zip" date="2025-08-04T08:36:01.312" >
      <step title="Total 1,666,986 bytes written to C:\home\data\SitePackages\20250804083601.zip" date="2025-08-04T08:36:01.441" /><!-- duration: 16ms -->
    </step><!-- duration: 238ms -->
    <step title="LockFile &apos;C:\home\site\locks\deployments.lock&apos; released" date="2025-08-04T08:36:01.582" /><!-- duration: 16ms -->
    <step title="Deleting shutdown sentinel file" date="2025-08-04T08:36:01.660" SemaphoreCount="8" /><!-- duration: 16ms -->
    <step title="Starting FetchDeploy" date="2025-08-04T08:36:01.707" /><!-- duration: 16ms -->
    <step title="Attempting to fetch target branch HEAD" date="2025-08-04T08:36:01.738" /><!-- duration: 31ms -->
    <step title="Updating shutdown sentinel last write time" date="2025-08-04T08:36:01.832" SemaphoreCount="7" /><!-- duration: 16ms -->
    <step title="LockFile &apos;C:\home\site\locks\deployments.lock&apos; acquired" date="2025-08-04T08:36:01.878" /><!-- duration: 31ms -->
    <step title="Performing fetch based deployment" date="2025-08-04T08:36:01.925" >
      <step title="Creating temporary deployment" date="2025-08-04T08:36:01.957" /><!-- duration: 172ms -->
      <step title="Fetching changes." date="2025-08-04T08:36:02.363" /><!-- duration: 31ms -->
      <step title="Starting LocalZipHandler" date="2025-08-04T08:36:02.442" /><!-- duration: 15ms -->
      <step title="Starting ExtractTriggers" date="2025-08-04T08:36:02.488" /><!-- duration: 31ms -->
      <step title="None repository commit" date="2025-08-04T08:36:02.644" >
        <step title="Commit id: a7d0d91c5c5c4d2bac661c20d0d82ff3" date="2025-08-04T08:36:02.660" Message="Created via a push deployment" AuthorName="N/A" AuthorEmail="N/A" /><!-- duration: 31ms -->
      </step><!-- duration: 78ms -->
      <step title="Before sending BuildRequestReceived status to /api/updatedeploystatus" date="2025-08-04T08:36:02.738" /><!-- duration: 16ms -->
      <step title="DeploymentManager.Deploy(id:a7d0d91c5c5c4d2bac661c20d0d82ff3)" date="2025-08-04T08:36:02.785" >
        <step title="Collecting changeset information" date="2025-08-04T08:36:02.832" /><!-- duration: 172ms -->
        <step title="Updating submodules" date="2025-08-04T08:36:03.035" >
          <step title="Updating submodules." date="2025-08-04T08:36:03.301" /><!-- duration: 31ms -->
        </step><!-- duration: 328ms -->
        <step title="Preparing deployment for commit id &apos;a7d0d91c5c&apos;." date="2025-08-04T08:36:03.676" /><!-- duration: 31ms -->
        <step title="Determining deployment builder" date="2025-08-04T08:36:03.988" >
          <step title="Builder is RunFromZipSiteBuilder" date="2025-08-04T08:36:04.019" /><!-- duration: 16ms -->
        </step><!-- duration: 78ms -->
        <step title="Copying SSH keys" date="2025-08-04T08:36:04.160" /><!-- duration: 47ms -->
        <step title="Building" date="2025-08-04T08:36:04.238" >
          <step title="Skipping build. Project type: Run-From-Zip" date="2025-08-04T08:36:04.457" /><!-- duration: 31ms -->
          <step title="Skipping post build. Project type: Run-From-Zip" date="2025-08-04T08:36:04.723" /><!-- duration: 31ms -->
          <step title="Triggering recycle (preview mode disabled)." date="2025-08-04T08:36:04.989" /><!-- duration: 31ms -->
          <step title="Ignoring FS watcher based recycle request as this is a classic Windows app." date="2025-08-04T08:36:05.067" /><!-- duration: 16ms -->
          <step title="Deployment successful. DEPLOYMENTINFO: deploymentPath = Functions App ZipDeploy. Run from package. Ignore remote build., deployer = ZipDeploy, os = windows, sku = Dynamic, language = node, siteName = webhook-functions-sharepoint-002, slotName = Production, siteHostName = webhook-functions-sharepoint-002.azurewebsites.net, deploymentStatus = Success" date="2025-08-04T08:36:05.285" /><!-- duration: 31ms -->
          <step title="Purge deployment items" date="2025-08-04T08:36:05.990" >
            <step title="Remove 4287596b3, Success, received at 7/30/2025 6:59:38 AM" date="2025-08-04T08:36:06.287" /><!-- duration: 31ms -->
          </step><!-- duration: 344ms -->
        </step><!-- duration: 2190ms -->
      </step><!-- duration: 3674ms -->
      <step title="Cleaning up temp files" date="2025-08-04T08:36:06.475" /><!-- duration: 31ms -->
      <step title="Updating C:\home\data\SitePackages\packagename.txt with deployment 20250804083601.zip" date="2025-08-04T08:36:06.537" /><!-- duration: 63ms -->
      <step title="Begin HttpPost https://webhook-functions-sharepoint-002.scm.azurewebsites.net/operations/settriggers, x-ms-request-id: 1f3713db-8c5f-4cd0-999a-110240494d67" date="2025-08-04T08:36:06.647" /><!-- duration: 17ms -->
      <step title="End HttpPost, status: OK" date="2025-08-04T08:36:06.836" /><!-- duration: 31ms -->
      <step title="Scheduling background sync triggers after delay" date="2025-08-04T08:36:06.898" /><!-- duration: 16ms -->
    </step><!-- duration: 5223ms -->
    <step title="LockFile &apos;C:\home\site\locks\deployments.lock&apos; released" date="2025-08-04T08:36:07.179" /><!-- duration: 31ms -->
  </step><!-- duration: 6289ms -->
  <step title="Outgoing response" date="2025-08-04T08:36:07.273" type="response" statusCode="200" statusText="OK" Server="Microsoft-IIS/10.0" x-ms-request-id="1f3713db-8c5f-4cd0-999a-110240494d67" Cache-Control="private" X-AspNet-Version="4.0.30319" /><!-- duration: 32ms -->
</step><!-- duration: 6445ms -->
