<step title="Incoming Request" date="2025-07-30T03:00:24.572" instance="e13d73" url="/api/zipdeploy" method="POST" type="request" pid="4044,2,24" Content-Length="1651475" Content-Type="application/zip" Authorization="Bea..." Host="webhook-functions-sharepoint-002.scm.azurewebsites.net" If-Match="*" User-Agent="functions-core-tools/4.1.0" X-ARR-LOG-ID="2ef31a31-4b16-403e-b4e8-929c480e49bb" CLIENT-IP="104.55.129.222:62962" X-SITE-DEPLOYMENT-ID="webhook-functions-sharepoint-002" WAS-DEFAULT-HOSTNAME="webhook-functions-sharepoint-002.scm.azurewebsites.net" X-Forwarded-Proto="https" X-AppService-Proto="https" X-Forwarded-TlsVersion="1.2" X-WAWS-Unencoded-URL="/api/zipdeploy" >
  <step title="ZipPushDeploy" date="2025-07-30T03:00:24.634" >
    <step title="Functions App ZipDeploy. Run from package. Ignore remote build." date="2025-07-30T03:00:24.650" /><!-- duration: 31ms -->
    <step title="Starting PushDeployAsync" date="2025-07-30T03:00:24.712" /><!-- duration: 16ms -->
    <step title="Updating shutdown sentinel last write time" date="2025-07-30T03:00:24.775" SemaphoreCount="7" /><!-- duration: 31ms -->
    <step title="LockFile &apos;C:\home\site\locks\deployments.lock&apos; acquired" date="2025-07-30T03:00:24.822" /><!-- duration: 63ms -->
    <step title="Deleting outdated zip file C:\home\data\SitePackages\20250730023916.zip" date="2025-07-30T03:00:24.915" /><!-- duration: 47ms -->
    <step title="Saving request content to C:\home\data\SitePackages\20250730030024.zip" date="2025-07-30T03:00:24.994" >
      <step title="Total 1,651,475 bytes written to C:\home\data\SitePackages\20250730030024.zip" date="2025-07-30T03:00:25.091" /><!-- duration: 28ms -->
    </step><!-- duration: 203ms -->
    <step title="LockFile &apos;C:\home\site\locks\deployments.lock&apos; released" date="2025-07-30T03:00:25.244" /><!-- duration: 31ms -->
    <step title="Deleting shutdown sentinel file" date="2025-07-30T03:00:25.306" SemaphoreCount="8" /><!-- duration: 31ms -->
    <step title="Starting FetchDeploy" date="2025-07-30T03:00:25.369" /><!-- duration: 16ms -->
    <step title="Attempting to fetch target branch HEAD" date="2025-07-30T03:00:25.415" /><!-- duration: 16ms -->
    <step title="Updating shutdown sentinel last write time" date="2025-07-30T03:00:25.478" SemaphoreCount="7" /><!-- duration: 31ms -->
    <step title="LockFile &apos;C:\home\site\locks\deployments.lock&apos; acquired" date="2025-07-30T03:00:25.525" /><!-- duration: 31ms -->
    <step title="Performing fetch based deployment" date="2025-07-30T03:00:25.572" >
      <step title="Creating temporary deployment" date="2025-07-30T03:00:25.603" /><!-- duration: 125ms -->
      <step title="Fetching changes." date="2025-07-30T03:00:25.915" /><!-- duration: 31ms -->
      <step title="Starting LocalZipHandler" date="2025-07-30T03:00:25.994" /><!-- duration: 31ms -->
      <step title="Starting ExtractTriggers" date="2025-07-30T03:00:26.056" /><!-- duration: 31ms -->
      <step title="None repository commit" date="2025-07-30T03:00:26.181" >
        <step title="Commit id: 1c3e1c9b10744bb586efba1860650133" date="2025-07-30T03:00:26.212" Message="Created via a push deployment" AuthorName="N/A" AuthorEmail="N/A" /><!-- duration: 16ms -->
      </step><!-- duration: 94ms -->
      <step title="Before sending BuildRequestReceived status to /api/updatedeploystatus" date="2025-07-30T03:00:26.290" /><!-- duration: 31ms -->
      <step title="DeploymentManager.Deploy(id:1c3e1c9b10744bb586efba1860650133)" date="2025-07-30T03:00:26.337" >
        <step title="Collecting changeset information" date="2025-07-30T03:00:26.400" /><!-- duration: 156ms -->
        <step title="Updating submodules" date="2025-07-30T03:00:26.587" >
          <step title="Updating submodules." date="2025-07-30T03:00:26.759" /><!-- duration: 31ms -->
        </step><!-- duration: 250ms -->
        <step title="Preparing deployment for commit id &apos;1c3e1c9b10&apos;." date="2025-07-30T03:00:27.040" /><!-- duration: 32ms -->
        <step title="Determining deployment builder" date="2025-07-30T03:00:27.290" >
          <step title="Builder is RunFromZipSiteBuilder" date="2025-07-30T03:00:27.322" /><!-- duration: 16ms -->
        </step><!-- duration: 78ms -->
        <step title="Copying SSH keys" date="2025-07-30T03:00:27.431" /><!-- duration: 47ms -->
        <step title="Building" date="2025-07-30T03:00:27.509" >
          <step title="Skipping build. Project type: Run-From-Zip" date="2025-07-30T03:00:27.697" /><!-- duration: 31ms -->
          <step title="Skipping post build. Project type: Run-From-Zip" date="2025-07-30T03:00:27.947" /><!-- duration: 31ms -->
          <step title="Triggering recycle (preview mode disabled)." date="2025-07-30T03:00:28.212" /><!-- duration: 31ms -->
          <step title="Ignoring FS watcher based recycle request as this is a classic Windows app." date="2025-07-30T03:00:28.306" /><!-- duration: 31ms -->
          <step title="Deployment successful. DEPLOYMENTINFO: deploymentPath = Functions App ZipDeploy. Run from package. Ignore remote build., deployer = ZipDeploy, os = windows, sku = Dynamic, language = node, siteName = webhook-functions-sharepoint-002, slotName = Production, siteHostName = webhook-functions-sharepoint-002.azurewebsites.net, deploymentStatus = Success" date="2025-07-30T03:00:28.540" /><!-- duration: 31ms -->
          <step title="Purge deployment items" date="2025-07-30T03:00:29.074" >
            <step title="Remove c12d886df, Success, received at 7/29/2025 10:56:10 PM" date="2025-07-30T03:00:29.353" /><!-- duration: 31ms -->
          </step><!-- duration: 326ms -->
        </step><!-- duration: 2000ms -->
      </step><!-- duration: 3188ms -->
      <step title="Cleaning up temp files" date="2025-07-30T03:00:29.556" /><!-- duration: 16ms -->
      <step title="Updating C:\home\data\SitePackages\packagename.txt with deployment 20250730030024.zip" date="2025-07-30T03:00:29.603" /><!-- duration: 62ms -->
      <step title="Begin HttpPost https://webhook-functions-sharepoint-002.scm.azurewebsites.net/operations/settriggers, x-ms-request-id: 2ef31a31-4b16-403e-b4e8-929c480e49bb" date="2025-07-30T03:00:29.697" /><!-- duration: 31ms -->
      <step title="End HttpPost, status: OK" date="2025-07-30T03:00:29.837" /><!-- duration: 31ms -->
      <step title="Scheduling background sync triggers after delay" date="2025-07-30T03:00:29.884" /><!-- duration: 31ms -->
    </step><!-- duration: 4594ms -->
    <step title="LockFile &apos;C:\home\site\locks\deployments.lock&apos; released" date="2025-07-30T03:00:30.212" /><!-- duration: 47ms -->
  </step><!-- duration: 5656ms -->
  <step title="Outgoing response" date="2025-07-30T03:00:30.337" type="response" statusCode="200" statusText="OK" Server="Microsoft-IIS/10.0" x-ms-request-id="2ef31a31-4b16-403e-b4e8-929c480e49bb" Cache-Control="private" X-AspNet-Version="4.0.30319" /><!-- duration: 31ms -->
</step><!-- duration: 5813ms -->
