<step title="Incoming Request" date="2025-08-04T15:25:36.326" instance="de6439" url="/api/zipdeploy" method="POST" type="request" pid="3524,2,8" Content-Length="1663585" Content-Type="application/zip" Authorization="Bea..." Host="webhook-functions-sharepoint-002.scm.azurewebsites.net" If-Match="*" User-Agent="functions-core-tools/4.1.0" X-ARR-LOG-ID="e2b4d3d9-598e-4246-adfd-f31997076600" CLIENT-IP="131.239.142.46:59571" X-SITE-DEPLOYMENT-ID="webhook-functions-sharepoint-002" WAS-DEFAULT-HOSTNAME="webhook-functions-sharepoint-002.scm.azurewebsites.net" X-Forwarded-Proto="https" X-AppService-Proto="https" X-Forwarded-TlsVersion="1.2" X-WAWS-Unencoded-URL="/api/zipdeploy" >
  <step title="ZipPushDeploy" date="2025-08-04T15:25:36.420" >
    <step title="Functions App ZipDeploy. Run from package. Ignore remote build." date="2025-08-04T15:25:36.451" /><!-- duration: 31ms -->
    <step title="Starting PushDeployAsync" date="2025-08-04T15:25:36.498" /><!-- duration: 31ms -->
    <step title="Updating shutdown sentinel last write time" date="2025-08-04T15:25:36.670" SemaphoreCount="7" /><!-- duration: 16ms -->
    <step title="LockFile &apos;C:\home\site\locks\deployments.lock&apos; acquired" date="2025-08-04T15:25:36.701" /><!-- duration: 16ms -->
    <step title="Deleting outdated zip file C:\home\data\SitePackages\20250804083207.zip" date="2025-08-04T15:25:36.763" /><!-- duration: 31ms -->
    <step title="Saving request content to C:\home\data\SitePackages\20250804152536.zip" date="2025-08-04T15:25:36.826" >
      <step title="Total 1,663,585 bytes written to C:\home\data\SitePackages\20250804152536.zip" date="2025-08-04T15:25:36.920" /><!-- duration: 16ms -->
    </step><!-- duration: 251ms -->
    <step title="LockFile &apos;C:\home\site\locks\deployments.lock&apos; released" date="2025-08-04T15:25:37.123" /><!-- duration: 16ms -->
    <step title="Deleting shutdown sentinel file" date="2025-08-04T15:25:37.185" SemaphoreCount="8" /><!-- duration: 16ms -->
    <step title="Starting FetchDeploy" date="2025-08-04T15:25:37.232" /><!-- duration: 16ms -->
    <step title="Attempting to fetch target branch HEAD" date="2025-08-04T15:25:37.263" /><!-- duration: 31ms -->
    <step title="Updating shutdown sentinel last write time" date="2025-08-04T15:25:37.341" SemaphoreCount="7" /><!-- duration: 16ms -->
    <step title="LockFile &apos;C:\home\site\locks\deployments.lock&apos; acquired" date="2025-08-04T15:25:37.388" /><!-- duration: 16ms -->
    <step title="Performing fetch based deployment" date="2025-08-04T15:25:37.435" >
      <step title="Creating temporary deployment" date="2025-08-04T15:25:37.451" /><!-- duration: 141ms -->
      <step title="Fetching changes." date="2025-08-04T15:25:37.810" /><!-- duration: 16ms -->
      <step title="Starting LocalZipHandler" date="2025-08-04T15:25:37.873" /><!-- duration: 16ms -->
      <step title="Starting ExtractTriggers" date="2025-08-04T15:25:37.920" /><!-- duration: 16ms -->
      <step title="None repository commit" date="2025-08-04T15:25:38.029" >
        <step title="Commit id: a4ca720c1ad4468186d4d9e6de129a83" date="2025-08-04T15:25:38.045" Message="Created via a push deployment" AuthorName="N/A" AuthorEmail="N/A" /><!-- duration: 31ms -->
      </step><!-- duration: 62ms -->
      <step title="Before sending BuildRequestReceived status to /api/updatedeploystatus" date="2025-08-04T15:25:38.123" /><!-- duration: 16ms -->
      <step title="DeploymentManager.Deploy(id:a4ca720c1ad4468186d4d9e6de129a83)" date="2025-08-04T15:25:38.154" >
        <step title="Collecting changeset information" date="2025-08-04T15:25:38.201" /><!-- duration: 156ms -->
        <step title="Updating submodules" date="2025-08-04T15:25:38.373" >
          <step title="Updating submodules." date="2025-08-04T15:25:38.561" /><!-- duration: 16ms -->
        </step><!-- duration: 266ms -->
        <step title="Preparing deployment for commit id &apos;a4ca720c1a&apos;." date="2025-08-04T15:25:38.811" /><!-- duration: 16ms -->
        <step title="Determining deployment builder" date="2025-08-04T15:25:39.014" >
          <step title="Builder is RunFromZipSiteBuilder" date="2025-08-04T15:25:39.045" /><!-- duration: 16ms -->
        </step><!-- duration: 94ms -->
        <step title="Copying SSH keys" date="2025-08-04T15:25:39.201" /><!-- duration: 31ms -->
        <step title="Building" date="2025-08-04T15:25:39.248" >
          <step title="Skipping build. Project type: Run-From-Zip" date="2025-08-04T15:25:39.436" /><!-- duration: 16ms -->
          <step title="Skipping post build. Project type: Run-From-Zip" date="2025-08-04T15:25:39.639" /><!-- duration: 31ms -->
          <step title="Triggering recycle (preview mode disabled)." date="2025-08-04T15:25:39.842" /><!-- duration: 31ms -->
          <step title="Ignoring FS watcher based recycle request as this is a classic Windows app." date="2025-08-04T15:25:39.920" /><!-- duration: 16ms -->
          <step title="Deployment successful. DEPLOYMENTINFO: deploymentPath = Functions App ZipDeploy. Run from package. Ignore remote build., deployer = ZipDeploy, os = windows, sku = Dynamic, language = node, siteName = webhook-functions-sharepoint-002, slotName = Production, siteHostName = webhook-functions-sharepoint-002.azurewebsites.net, deploymentStatus = Success" date="2025-08-04T15:25:40.139" /><!-- duration: 16ms -->
          <step title="Purge deployment items" date="2025-08-04T15:25:40.857" >
            <step title="Remove ac9e7713f, Success, received at 8/4/2025 7:20:27 AM" date="2025-08-04T15:25:41.107" /><!-- duration: 16ms -->
          </step><!-- duration: 297ms -->
        </step><!-- duration: 1984ms -->
      </step><!-- duration: 3094ms -->
      <step title="Cleaning up temp files" date="2025-08-04T15:25:41.279" /><!-- duration: 16ms -->
      <step title="Updating C:\home\data\SitePackages\packagename.txt with deployment 20250804152536.zip" date="2025-08-04T15:25:41.311" /><!-- duration: 63ms -->
      <step title="Begin HttpPost https://webhook-functions-sharepoint-002.scm.azurewebsites.net/operations/settriggers, x-ms-request-id: e2b4d3d9-598e-4246-adfd-f31997076600" date="2025-08-04T15:25:41.420" /><!-- duration: 32ms -->
      <step title="End HttpPost, status: OK" date="2025-08-04T15:25:41.639" /><!-- duration: 16ms -->
      <step title="Scheduling background sync triggers after delay" date="2025-08-04T15:25:41.686" /><!-- duration: 16ms -->
    </step><!-- duration: 4453ms -->
    <step title="LockFile &apos;C:\home\site\locks\deployments.lock&apos; released" date="2025-08-04T15:25:41.920" /><!-- duration: 16ms -->
  </step><!-- duration: 5547ms -->
  <step title="Outgoing response" date="2025-08-04T15:25:41.998" type="response" statusCode="200" statusText="OK" Server="Microsoft-IIS/10.0" x-ms-request-id="e2b4d3d9-598e-4246-adfd-f31997076600" Cache-Control="private" X-AspNet-Version="4.0.30319" /><!-- duration: 16ms -->
</step><!-- duration: 5719ms -->
