<step title="Incoming Request" date="2025-07-30T03:47:54.819" instance="75d6f6" url="/api/zipdeploy" method="POST" type="request" pid="3020,2,9" Content-Length="1649692" Content-Type="application/zip" Authorization="Bea..." Host="webhook-functions-sharepoint-002.scm.azurewebsites.net" If-Match="*" User-Agent="functions-core-tools/4.1.0" X-ARR-LOG-ID="1d3d539a-c955-4afd-8d33-880e5b60b4fd" CLIENT-IP="104.55.129.222:53892" X-SITE-DEPLOYMENT-ID="webhook-functions-sharepoint-002" WAS-DEFAULT-HOSTNAME="webhook-functions-sharepoint-002.scm.azurewebsites.net" X-Forwarded-Proto="https" X-AppService-Proto="https" X-Forwarded-TlsVersion="1.2" X-WAWS-Unencoded-URL="/api/zipdeploy" >
  <step title="ZipPushDeploy" date="2025-07-30T03:47:55.068" >
    <step title="Functions App ZipDeploy. Run from package. Ignore remote build." date="2025-07-30T03:47:55.115" /><!-- duration: 31ms -->
    <step title="Starting PushDeployAsync" date="2025-07-30T03:47:55.162" /><!-- duration: 31ms -->
    <step title="Updating shutdown sentinel last write time" date="2025-07-30T03:47:55.240" SemaphoreCount="7" /><!-- duration: 16ms -->
    <step title="LockFile &apos;C:\home\site\locks\deployments.lock&apos; acquired" date="2025-07-30T03:47:55.271" /><!-- duration: 31ms -->
    <step title="Deleting outdated zip file C:\home\data\SitePackages\20250730034336.zip" date="2025-07-30T03:47:55.333" /><!-- duration: 48ms -->
    <step title="Saving request content to C:\home\data\SitePackages\20250730034755.zip" date="2025-07-30T03:47:55.396" >
      <step title="Total 1,649,692 bytes written to C:\home\data\SitePackages\20250730034755.zip" date="2025-07-30T03:47:55.490" /><!-- duration: 16ms -->
    </step><!-- duration: 203ms -->
    <step title="LockFile &apos;C:\home\site\locks\deployments.lock&apos; released" date="2025-07-30T03:47:55.630" /><!-- duration: 31ms -->
    <step title="Deleting shutdown sentinel file" date="2025-07-30T03:47:55.693" SemaphoreCount="8" /><!-- duration: 31ms -->
    <step title="Starting FetchDeploy" date="2025-07-30T03:47:55.740" /><!-- duration: 31ms -->
    <step title="Attempting to fetch target branch HEAD" date="2025-07-30T03:47:55.802" /><!-- duration: 16ms -->
    <step title="Updating shutdown sentinel last write time" date="2025-07-30T03:47:55.865" SemaphoreCount="7" /><!-- duration: 16ms -->
    <step title="LockFile &apos;C:\home\site\locks\deployments.lock&apos; acquired" date="2025-07-30T03:47:55.912" /><!-- duration: 16ms -->
    <step title="Performing fetch based deployment" date="2025-07-30T03:47:55.958" >
      <step title="Creating temporary deployment" date="2025-07-30T03:47:55.974" /><!-- duration: 156ms -->
      <step title="Fetching changes." date="2025-07-30T03:47:56.350" /><!-- duration: 31ms -->
      <step title="Starting LocalZipHandler" date="2025-07-30T03:47:56.428" /><!-- duration: 31ms -->
      <step title="Starting ExtractTriggers" date="2025-07-30T03:47:56.490" /><!-- duration: 31ms -->
      <step title="None repository commit" date="2025-07-30T03:47:56.646" >
        <step title="Commit id: aeba0ab009f345b894fe36afe5d8cf91" date="2025-07-30T03:47:56.678" Message="Created via a push deployment" AuthorName="N/A" AuthorEmail="N/A" /><!-- duration: 16ms -->
      </step><!-- duration: 78ms -->
      <step title="Before sending BuildRequestReceived status to /api/updatedeploystatus" date="2025-07-30T03:47:56.756" /><!-- duration: 16ms -->
      <step title="DeploymentManager.Deploy(id:aeba0ab009f345b894fe36afe5d8cf91)" date="2025-07-30T03:47:56.803" >
        <step title="Collecting changeset information" date="2025-07-30T03:47:56.850" /><!-- duration: 156ms -->
        <step title="Updating submodules" date="2025-07-30T03:47:57.037" >
          <step title="Updating submodules." date="2025-07-30T03:47:57.240" /><!-- duration: 80ms -->
        </step><!-- duration: 328ms -->
        <step title="Preparing deployment for commit id &apos;aeba0ab009&apos;." date="2025-07-30T03:47:57.758" /><!-- duration: 16ms -->
        <step title="Determining deployment builder" date="2025-07-30T03:47:57.945" >
          <step title="Builder is RunFromZipSiteBuilder" date="2025-07-30T03:47:58.070" /><!-- duration: 18ms -->
        </step><!-- duration: 159ms -->
        <step title="Copying SSH keys" date="2025-07-30T03:47:58.198" /><!-- duration: 47ms -->
        <step title="Building" date="2025-07-30T03:47:58.260" >
          <step title="Skipping build. Project type: Run-From-Zip" date="2025-07-30T03:47:58.557" /><!-- duration: 16ms -->
          <step title="Skipping post build. Project type: Run-From-Zip" date="2025-07-30T03:47:58.808" /><!-- duration: 16ms -->
          <step title="Triggering recycle (preview mode disabled)." date="2025-07-30T03:47:59.057" /><!-- duration: 31ms -->
          <step title="Ignoring FS watcher based recycle request as this is a classic Windows app." date="2025-07-30T03:47:59.135" /><!-- duration: 16ms -->
          <step title="Deployment successful. DEPLOYMENTINFO: deploymentPath = Functions App ZipDeploy. Run from package. Ignore remote build., deployer = ZipDeploy, os = windows, sku = Dynamic, language = node, siteName = webhook-functions-sharepoint-002, slotName = Production, siteHostName = webhook-functions-sharepoint-002.azurewebsites.net, deploymentStatus = Success" date="2025-07-30T03:47:59.370" /><!-- duration: 47ms -->
          <step title="Purge deployment items" date="2025-07-30T03:48:00.136" >
            <step title="Remove 1c3e1c9b1, Success, received at 7/30/2025 3:00:26 AM" date="2025-07-30T03:48:00.479" /><!-- duration: 16ms -->
          </step><!-- duration: 406ms -->
        </step><!-- duration: 2375ms -->
      </step><!-- duration: 3848ms -->
      <step title="Cleaning up temp files" date="2025-07-30T03:48:00.667" /><!-- duration: 31ms -->
      <step title="Updating C:\home\data\SitePackages\packagename.txt with deployment 20250730034755.zip" date="2025-07-30T03:48:00.729" /><!-- duration: 78ms -->
      <step title="Begin HttpPost https://webhook-functions-sharepoint-002.scm.azurewebsites.net/operations/settriggers, x-ms-request-id: 1d3d539a-c955-4afd-8d33-880e5b60b4fd" date="2025-07-30T03:48:00.839" /><!-- duration: 15ms -->
      <step title="End HttpPost, status: OK" date="2025-07-30T03:48:01.010" /><!-- duration: 31ms -->
      <step title="Scheduling background sync triggers after delay" date="2025-07-30T03:48:01.073" /><!-- duration: 31ms -->
    </step><!-- duration: 5462ms -->
    <step title="LockFile &apos;C:\home\site\locks\deployments.lock&apos; released" date="2025-07-30T03:48:01.452" /><!-- duration: 31ms -->
  </step><!-- duration: 6462ms -->
  <step title="Outgoing response" date="2025-07-30T03:48:01.561" type="response" statusCode="200" statusText="OK" Server="Microsoft-IIS/10.0" x-ms-request-id="1d3d539a-c955-4afd-8d33-880e5b60b4fd" Cache-Control="private" X-AspNet-Version="4.0.30319" /><!-- duration: 31ms -->
</step><!-- duration: 6804ms -->
