<step title="Incoming Request" date="2025-07-30T02:59:15.398" instance="e13d73" url="/api/zipdeploy" method="POST" type="request" pid="4044,2,13" Content-Length="1650251" Content-Type="application/zip" Authorization="Bea..." Host="webhook-functions-sharepoint-002.scm.azurewebsites.net" If-Match="*" User-Agent="functions-core-tools/4.1.0" X-ARR-LOG-ID="1818d2dd-9419-4a9c-b841-bf13b48f77f7" CLIENT-IP="104.55.129.222:62807" X-SITE-DEPLOYMENT-ID="webhook-functions-sharepoint-002" WAS-DEFAULT-HOSTNAME="webhook-functions-sharepoint-002.scm.azurewebsites.net" X-Forwarded-Proto="https" X-AppService-Proto="https" X-Forwarded-TlsVersion="1.2" X-WAWS-Unencoded-URL="/api/zipdeploy" >
  <step title="ZipPushDeploy" date="2025-07-30T02:59:15.476" >
    <step title="Functions App ZipDeploy. Run from package. Ignore remote build." date="2025-07-30T02:59:15.523" /><!-- duration: 31ms -->
    <step title="Starting PushDeployAsync" date="2025-07-30T02:59:15.585" /><!-- duration: 16ms -->
    <step title="Updating shutdown sentinel last write time" date="2025-07-30T02:59:15.663" SemaphoreCount="7" /><!-- duration: 31ms -->
    <step title="LockFile &apos;C:\home\site\locks\deployments.lock&apos; acquired" date="2025-07-30T02:59:15.726" /><!-- duration: 31ms -->
    <step title="Deleting outdated zip file C:\home\data\SitePackages\20250730023733.zip" date="2025-07-30T02:59:15.804" /><!-- duration: 47ms -->
    <step title="Saving request content to C:\home\data\SitePackages\20250730025915.zip" date="2025-07-30T02:59:15.898" >
      <step title="Total 1,650,251 bytes written to C:\home\data\SitePackages\20250730025915.zip" date="2025-07-30T02:59:15.991" /><!-- duration: 31ms -->
    </step><!-- duration: 203ms -->
    <step title="LockFile &apos;C:\home\site\locks\deployments.lock&apos; released" date="2025-07-30T02:59:16.132" /><!-- duration: 31ms -->
    <step title="Deleting shutdown sentinel file" date="2025-07-30T02:59:16.210" SemaphoreCount="8" /><!-- duration: 31ms -->
    <step title="Starting FetchDeploy" date="2025-07-30T02:59:16.257" /><!-- duration: 31ms -->
    <step title="Attempting to fetch target branch HEAD" date="2025-07-30T02:59:16.320" /><!-- duration: 16ms -->
    <step title="Updating shutdown sentinel last write time" date="2025-07-30T02:59:16.382" SemaphoreCount="7" /><!-- duration: 31ms -->
    <step title="LockFile &apos;C:\home\site\locks\deployments.lock&apos; acquired" date="2025-07-30T02:59:16.429" /><!-- duration: 31ms -->
    <step title="Performing fetch based deployment" date="2025-07-30T02:59:16.492" >
      <step title="Creating temporary deployment" date="2025-07-30T02:59:16.523" /><!-- duration: 125ms -->
      <step title="Fetching changes." date="2025-07-30T02:59:16.851" /><!-- duration: 31ms -->
      <step title="Starting LocalZipHandler" date="2025-07-30T02:59:16.945" /><!-- duration: 31ms -->
      <step title="Starting ExtractTriggers" date="2025-07-30T02:59:16.992" /><!-- duration: 31ms -->
      <step title="None repository commit" date="2025-07-30T02:59:17.210" >
        <step title="Commit id: b248a08a16424441bb3179d8ead63cdb" date="2025-07-30T02:59:17.242" Message="Created via a push deployment" AuthorName="N/A" AuthorEmail="N/A" /><!-- duration: 16ms -->
      </step><!-- duration: 78ms -->
      <step title="Before sending BuildRequestReceived status to /api/updatedeploystatus" date="2025-07-30T02:59:17.320" /><!-- duration: 31ms -->
      <step title="DeploymentManager.Deploy(id:b248a08a16424441bb3179d8ead63cdb)" date="2025-07-30T02:59:17.382" >
        <step title="Collecting changeset information" date="2025-07-30T02:59:17.429" /><!-- duration: 172ms -->
        <step title="Updating submodules" date="2025-07-30T02:59:17.632" >
          <step title="Updating submodules." date="2025-07-30T02:59:17.804" /><!-- duration: 31ms -->
        </step><!-- duration: 250ms -->
        <step title="Preparing deployment for commit id &apos;b248a08a16&apos;." date="2025-07-30T02:59:18.086" /><!-- duration: 31ms -->
        <step title="Determining deployment builder" date="2025-07-30T02:59:18.305" >
          <step title="Builder is RunFromZipSiteBuilder" date="2025-07-30T02:59:18.336" /><!-- duration: 31ms -->
        </step><!-- duration: 94ms -->
        <step title="Copying SSH keys" date="2025-07-30T02:59:18.476" /><!-- duration: 47ms -->
        <step title="Building" date="2025-07-30T02:59:18.539" >
          <step title="Skipping build. Project type: Run-From-Zip" date="2025-07-30T02:59:18.726" /><!-- duration: 31ms -->
          <step title="Skipping post build. Project type: Run-From-Zip" date="2025-07-30T02:59:18.961" /><!-- duration: 31ms -->
          <step title="Triggering recycle (preview mode disabled)." date="2025-07-30T02:59:19.226" /><!-- duration: 31ms -->
          <step title="Ignoring FS watcher based recycle request as this is a classic Windows app." date="2025-07-30T02:59:19.305" /><!-- duration: 31ms -->
          <step title="Deployment successful. DEPLOYMENTINFO: deploymentPath = Functions App ZipDeploy. Run from package. Ignore remote build., deployer = ZipDeploy, os = windows, sku = Dynamic, language = node, siteName = webhook-functions-sharepoint-002, slotName = Production, siteHostName = webhook-functions-sharepoint-002.azurewebsites.net, deploymentStatus = Success" date="2025-07-30T02:59:19.508" /><!-- duration: 31ms -->
          <step title="Purge deployment items" date="2025-07-30T02:59:20.133" >
            <step title="Remove 2ea4627a7, Success, received at 7/29/2025 10:54:47 PM" date="2025-07-30T02:59:20.383" /><!-- duration: 31ms -->
          </step><!-- duration: 312ms -->
        </step><!-- duration: 2016ms -->
      </step><!-- duration: 3188ms -->
      <step title="Cleaning up temp files" date="2025-07-30T02:59:20.601" /><!-- duration: 31ms -->
      <step title="Updating C:\home\data\SitePackages\packagename.txt with deployment 20250730025915.zip" date="2025-07-30T02:59:20.664" /><!-- duration: 63ms -->
      <step title="Begin HttpPost https://webhook-functions-sharepoint-002.scm.azurewebsites.net/operations/settriggers, x-ms-request-id: 1818d2dd-9419-4a9c-b841-bf13b48f77f7" date="2025-07-30T02:59:20.773" /><!-- duration: 31ms -->
      <step title="End HttpPost, status: OK" date="2025-07-30T02:59:20.961" /><!-- duration: 47ms -->
      <step title="Scheduling background sync triggers after delay" date="2025-07-30T02:59:21.023" /><!-- duration: 31ms -->
    </step><!-- duration: 4766ms -->
    <step title="LockFile &apos;C:\home\site\locks\deployments.lock&apos; released" date="2025-07-30T02:59:21.289" /><!-- duration: 31ms -->
  </step><!-- duration: 5876ms -->
  <step title="Outgoing response" date="2025-07-30T02:59:21.383" type="response" statusCode="200" statusText="OK" Server="Microsoft-IIS/10.0" x-ms-request-id="1818d2dd-9419-4a9c-b841-bf13b48f77f7" Cache-Control="private" X-AspNet-Version="4.0.30319" /><!-- duration: 16ms -->
</step><!-- duration: 6032ms -->
