<step title="Incoming Request" date="2025-07-29T23:08:14.117" instance="49fa8c" url="/api/zipdeploy" method="POST" type="request" pid="6980,2,9" Content-Length="1645425" Content-Type="application/zip" Authorization="Bea..." Host="webhook-functions-sharepoint-002.scm.azurewebsites.net" If-Match="*" User-Agent="functions-core-tools/4.1.0" X-ARR-LOG-ID="3ef19a43-89c0-47fa-bd18-8932ba0fe153" CLIENT-IP="131.239.142.46:52218" X-SITE-DEPLOYMENT-ID="webhook-functions-sharepoint-002" WAS-DEFAULT-HOSTNAME="webhook-functions-sharepoint-002.scm.azurewebsites.net" X-Forwarded-Proto="https" X-AppService-Proto="https" X-Forwarded-TlsVersion="1.2" X-WAWS-Unencoded-URL="/api/zipdeploy" >
  <step title="ZipPushDeploy" date="2025-07-29T23:08:14.211" >
    <step title="Functions App ZipDeploy. Run from package. Ignore remote build." date="2025-07-29T23:08:14.258" /><!-- duration: 31ms -->
    <step title="Starting PushDeployAsync" date="2025-07-29T23:08:14.305" /><!-- duration: 16ms -->
    <step title="Updating shutdown sentinel last write time" date="2025-07-29T23:08:14.367" SemaphoreCount="7" /><!-- duration: 31ms -->
    <step title="LockFile &apos;C:\home\site\locks\deployments.lock&apos; acquired" date="2025-07-29T23:08:14.414" /><!-- duration: 16ms -->
    <step title="Deleting outdated zip file C:\home\data\SitePackages\20250729225608.zip" date="2025-07-29T23:08:14.461" /><!-- duration: 47ms -->
    <step title="Saving request content to C:\home\data\SitePackages\20250729230814.zip" date="2025-07-29T23:08:14.523" >
      <step title="Total 1,645,425 bytes written to C:\home\data\SitePackages\20250729230814.zip" date="2025-07-29T23:08:14.602" /><!-- duration: 16ms -->
    </step><!-- duration: 281ms -->
    <step title="LockFile &apos;C:\home\site\locks\deployments.lock&apos; released" date="2025-07-29T23:08:14.836" /><!-- duration: 16ms -->
    <step title="Deleting shutdown sentinel file" date="2025-07-29T23:08:14.898" SemaphoreCount="8" /><!-- duration: 16ms -->
    <step title="Starting FetchDeploy" date="2025-07-29T23:08:14.930" /><!-- duration: 16ms -->
    <step title="Attempting to fetch target branch HEAD" date="2025-07-29T23:08:14.961" /><!-- duration: 16ms -->
    <step title="Updating shutdown sentinel last write time" date="2025-07-29T23:08:15.008" SemaphoreCount="7" /><!-- duration: 31ms -->
    <step title="LockFile &apos;C:\home\site\locks\deployments.lock&apos; acquired" date="2025-07-29T23:08:15.070" /><!-- duration: 16ms -->
    <step title="Performing fetch based deployment" date="2025-07-29T23:08:15.102" >
      <step title="Creating temporary deployment" date="2025-07-29T23:08:15.117" /><!-- duration: 234ms -->
      <step title="Fetching changes." date="2025-07-29T23:08:15.539" /><!-- duration: 16ms -->
      <step title="Starting LocalZipHandler" date="2025-07-29T23:08:15.586" /><!-- duration: 16ms -->
      <step title="Starting ExtractTriggers" date="2025-07-29T23:08:15.633" /><!-- duration: 16ms -->
      <step title="None repository commit" date="2025-07-29T23:08:15.836" >
        <step title="Commit id: 420efbe301e64ecbb4b93211b2802ffc" date="2025-07-29T23:08:15.867" Message="Created via a push deployment" AuthorName="N/A" AuthorEmail="N/A" /><!-- duration: 16ms -->
      </step><!-- duration: 62ms -->
      <step title="Before sending BuildRequestReceived status to /api/updatedeploystatus" date="2025-07-29T23:08:15.930" /><!-- duration: 16ms -->
      <step title="DeploymentManager.Deploy(id:420efbe301e64ecbb4b93211b2802ffc)" date="2025-07-29T23:08:15.961" >
        <step title="Collecting changeset information" date="2025-07-29T23:08:16.008" /><!-- duration: 156ms -->
        <step title="Updating submodules" date="2025-07-29T23:08:16.195" >
          <step title="Updating submodules." date="2025-07-29T23:08:16.383" /><!-- duration: 16ms -->
        </step><!-- duration: 312ms -->
        <step title="Preparing deployment for commit id &apos;420efbe301&apos;." date="2025-07-29T23:08:16.727" /><!-- duration: 31ms -->
        <step title="Determining deployment builder" date="2025-07-29T23:08:16.930" >
          <step title="Builder is RunFromZipSiteBuilder" date="2025-07-29T23:08:16.945" /><!-- duration: 31ms -->
        </step><!-- duration: 63ms -->
        <step title="Copying SSH keys" date="2025-07-29T23:08:17.070" /><!-- duration: 31ms -->
        <step title="Building" date="2025-07-29T23:08:17.133" >
          <step title="Skipping build. Project type: Run-From-Zip" date="2025-07-29T23:08:17.305" /><!-- duration: 16ms -->
          <step title="Skipping post build. Project type: Run-From-Zip" date="2025-07-29T23:08:17.523" /><!-- duration: 31ms -->
          <step title="Triggering recycle (preview mode disabled)." date="2025-07-29T23:08:17.742" /><!-- duration: 16ms -->
          <step title="Ignoring FS watcher based recycle request as this is a classic Windows app." date="2025-07-29T23:08:17.805" /><!-- duration: 16ms -->
          <step title="Deployment successful. DEPLOYMENTINFO: deploymentPath = Functions App ZipDeploy. Run from package. Ignore remote build., deployer = ZipDeploy, os = windows, sku = Dynamic, language = node, siteName = webhook-functions-sharepoint-002, slotName = Production, siteHostName = webhook-functions-sharepoint-002.azurewebsites.net, deploymentStatus = Success" date="2025-07-29T23:08:17.992" /><!-- duration: 16ms -->
          <step title="Purge deployment items" date="2025-07-29T23:08:18.570" >
            <step title="Remove 4a08422a9, Success, received at 7/29/2025 9:09:03 PM" date="2025-07-29T23:08:18.805" /><!-- duration: 16ms -->
          </step><!-- duration: 266ms -->
        </step><!-- duration: 1797ms -->
      </step><!-- duration: 2984ms -->
      <step title="Cleaning up temp files" date="2025-07-29T23:08:18.961" /><!-- duration: 16ms -->
      <step title="Updating C:\home\data\SitePackages\packagename.txt with deployment 20250729230814.zip" date="2025-07-29T23:08:19.008" /><!-- duration: 63ms -->
      <step title="Begin HttpPost https://webhook-functions-sharepoint-002.scm.azurewebsites.net/operations/settriggers, x-ms-request-id: 3ef19a43-89c0-47fa-bd18-8932ba0fe153" date="2025-07-29T23:08:19.102" /><!-- duration: 31ms -->
      <step title="End HttpPost, status: OK" date="2025-07-29T23:08:19.273" /><!-- duration: 16ms -->
      <step title="Scheduling background sync triggers after delay" date="2025-07-29T23:08:19.320" /><!-- duration: 16ms -->
    </step><!-- duration: 4484ms -->
    <step title="LockFile &apos;C:\home\site\locks\deployments.lock&apos; released" date="2025-07-29T23:08:19.617" /><!-- duration: 31ms -->
  </step><!-- duration: 5469ms -->
  <step title="Outgoing response" date="2025-07-29T23:08:19.711" type="response" statusCode="200" statusText="OK" Server="Microsoft-IIS/10.0" x-ms-request-id="3ef19a43-89c0-47fa-bd18-8932ba0fe153" Cache-Control="private" X-AspNet-Version="4.0.30319" /><!-- duration: 16ms -->
</step><!-- duration: 5625ms -->
