<step title="Incoming Request" date="2025-08-04T08:34:20.458" instance="c1f1fa" url="/api/zipdeploy" method="POST" type="request" pid="1876,2,9" Content-Length="1666939" Content-Type="application/zip" Authorization="Bea..." Host="webhook-functions-sharepoint-002.scm.azurewebsites.net" If-Match="*" User-Agent="functions-core-tools/4.1.0" X-ARR-LOG-ID="da17818a-ef94-4523-ba81-8283b2311c3d" CLIENT-IP="104.55.129.222:50527" X-SITE-DEPLOYMENT-ID="webhook-functions-sharepoint-002" WAS-DEFAULT-HOSTNAME="webhook-functions-sharepoint-002.scm.azurewebsites.net" X-Forwarded-Proto="https" X-AppService-Proto="https" X-Forwarded-TlsVersion="1.2" X-WAWS-Unencoded-URL="/api/zipdeploy" >
  <step title="ZipPushDeploy" date="2025-08-04T08:34:20.520" >
    <step title="Functions App ZipDeploy. Run from package. Ignore remote build." date="2025-08-04T08:34:20.567" /><!-- duration: 47ms -->
    <step title="Starting PushDeployAsync" date="2025-08-04T08:34:20.630" /><!-- duration: 31ms -->
    <step title="Updating shutdown sentinel last write time" date="2025-08-04T08:34:20.708" SemaphoreCount="7" /><!-- duration: 16ms -->
    <step title="LockFile &apos;C:\home\site\locks\deployments.lock&apos; acquired" date="2025-08-04T08:34:20.755" /><!-- duration: 16ms -->
    <step title="Deleting outdated zip file C:\home\data\SitePackages\20250804082734.zip" date="2025-08-04T08:34:20.817" /><!-- duration: 62ms -->
    <step title="Saving request content to C:\home\data\SitePackages\20250804083420.zip" date="2025-08-04T08:34:20.895" >
      <step title="Total 1,666,939 bytes written to C:\home\data\SitePackages\20250804083420.zip" date="2025-08-04T08:34:20.989" /><!-- duration: 31ms -->
    </step><!-- duration: 219ms -->
    <step title="LockFile &apos;C:\home\site\locks\deployments.lock&apos; released" date="2025-08-04T08:34:21.145" /><!-- duration: 16ms -->
    <step title="Deleting shutdown sentinel file" date="2025-08-04T08:34:21.208" SemaphoreCount="8" /><!-- duration: 33ms -->
    <step title="Starting FetchDeploy" date="2025-08-04T08:34:21.255" /><!-- duration: 31ms -->
    <step title="Attempting to fetch target branch HEAD" date="2025-08-04T08:34:21.302" /><!-- duration: 31ms -->
    <step title="Updating shutdown sentinel last write time" date="2025-08-04T08:34:21.364" SemaphoreCount="7" /><!-- duration: 31ms -->
    <step title="LockFile &apos;C:\home\site\locks\deployments.lock&apos; acquired" date="2025-08-04T08:34:21.411" /><!-- duration: 31ms -->
    <step title="Performing fetch based deployment" date="2025-08-04T08:34:21.474" >
      <step title="Creating temporary deployment" date="2025-08-04T08:34:21.489" /><!-- duration: 156ms -->
      <step title="Fetching changes." date="2025-08-04T08:34:21.881" /><!-- duration: 15ms -->
      <step title="Starting LocalZipHandler" date="2025-08-04T08:34:21.976" /><!-- duration: 15ms -->
      <step title="Starting ExtractTriggers" date="2025-08-04T08:34:22.022" /><!-- duration: 16ms -->
      <step title="None repository commit" date="2025-08-04T08:34:22.147" >
        <step title="Commit id: 34ec96eefa0d4acc95da5a66af7c6113" date="2025-08-04T08:34:22.162" Message="Created via a push deployment" AuthorName="N/A" AuthorEmail="N/A" /><!-- duration: 31ms -->
      </step><!-- duration: 62ms -->
      <step title="Before sending BuildRequestReceived status to /api/updatedeploystatus" date="2025-08-04T08:34:22.241" /><!-- duration: 31ms -->
      <step title="DeploymentManager.Deploy(id:34ec96eefa0d4acc95da5a66af7c6113)" date="2025-08-04T08:34:22.303" >
        <step title="Collecting changeset information" date="2025-08-04T08:34:22.350" /><!-- duration: 172ms -->
        <step title="Updating submodules" date="2025-08-04T08:34:22.537" >
          <step title="Updating submodules." date="2025-08-04T08:34:22.756" /><!-- duration: 16ms -->
        </step><!-- duration: 313ms -->
        <step title="Preparing deployment for commit id &apos;34ec96eefa&apos;." date="2025-08-04T08:34:23.037" /><!-- duration: 32ms -->
        <step title="Determining deployment builder" date="2025-08-04T08:34:23.273" >
          <step title="Builder is RunFromZipSiteBuilder" date="2025-08-04T08:34:23.289" /><!-- duration: 32ms -->
        </step><!-- duration: 64ms -->
        <step title="Copying SSH keys" date="2025-08-04T08:34:23.430" /><!-- duration: 31ms -->
        <step title="Building" date="2025-08-04T08:34:23.477" >
          <step title="Skipping build. Project type: Run-From-Zip" date="2025-08-04T08:34:23.680" /><!-- duration: 16ms -->
          <step title="Skipping post build. Project type: Run-From-Zip" date="2025-08-04T08:34:23.915" /><!-- duration: 47ms -->
          <step title="Triggering recycle (preview mode disabled)." date="2025-08-04T08:34:24.196" /><!-- duration: 31ms -->
          <step title="Ignoring FS watcher based recycle request as this is a classic Windows app." date="2025-08-04T08:34:24.274" /><!-- duration: 16ms -->
          <step title="Deployment successful. DEPLOYMENTINFO: deploymentPath = Functions App ZipDeploy. Run from package. Ignore remote build., deployer = ZipDeploy, os = windows, sku = Dynamic, language = node, siteName = webhook-functions-sharepoint-002, slotName = Production, siteHostName = webhook-functions-sharepoint-002.azurewebsites.net, deploymentStatus = Success" date="2025-08-04T08:34:24.508" /><!-- duration: 16ms -->
          <step title="Purge deployment items" date="2025-08-04T08:34:25.149" >
            <step title="Remove a4ba159f6, Success, received at 7/30/2025 6:15:03 AM" date="2025-08-04T08:34:25.418" /><!-- duration: 31ms -->
          </step><!-- duration: 316ms -->
        </step><!-- duration: 2082ms -->
      </step><!-- duration: 3272ms -->
      <step title="Cleaning up temp files" date="2025-08-04T08:34:25.591" /><!-- duration: 31ms -->
      <step title="Updating C:\home\data\SitePackages\packagename.txt with deployment 20250804083420.zip" date="2025-08-04T08:34:25.654" /><!-- duration: 62ms -->
      <step title="Begin HttpPost https://webhook-functions-sharepoint-002.scm.azurewebsites.net/operations/settriggers, x-ms-request-id: da17818a-ef94-4523-ba81-8283b2311c3d" date="2025-08-04T08:34:25.763" /><!-- duration: 31ms -->
      <step title="End HttpPost, status: OK" date="2025-08-04T08:34:25.967" /><!-- duration: 31ms -->
      <step title="Scheduling background sync triggers after delay" date="2025-08-04T08:34:26.013" /><!-- duration: 16ms -->
    </step><!-- duration: 4805ms -->
    <step title="LockFile &apos;C:\home\site\locks\deployments.lock&apos; released" date="2025-08-04T08:34:26.310" /><!-- duration: 16ms -->
    <step title="Deleting shutdown sentinel file" date="2025-08-04T08:34:26.373" SemaphoreCount="8" /><!-- duration: 31ms -->
  </step><!-- duration: 5899ms -->
  <step title="Outgoing response" date="2025-08-04T08:34:26.561" type="response" statusCode="200" statusText="OK" Server="Microsoft-IIS/10.0" x-ms-request-id="da17818a-ef94-4523-ba81-8283b2311c3d" Cache-Control="private" X-AspNet-Version="4.0.30319" /><!-- duration: 16ms -->
</step><!-- duration: 6150ms -->
