<step title="Incoming Request" date="2025-08-04T15:48:08.814" instance="de6439" url="/api/zipdeploy" method="POST" type="request" pid="5136,2,9" Content-Length="1665182" Content-Type="application/zip" Authorization="Bea..." Host="webhook-functions-sharepoint-002.scm.azurewebsites.net" If-Match="*" User-Agent="functions-core-tools/4.1.0" X-ARR-LOG-ID="63cc8f91-7606-43c7-a109-91822216c09c" CLIENT-IP="131.239.142.46:61998" X-SITE-DEPLOYMENT-ID="webhook-functions-sharepoint-002" WAS-DEFAULT-HOSTNAME="webhook-functions-sharepoint-002.scm.azurewebsites.net" X-Forwarded-Proto="https" X-AppService-Proto="https" X-Forwarded-TlsVersion="1.2" X-WAWS-Unencoded-URL="/api/zipdeploy" >
  <step title="ZipPushDeploy" date="2025-08-04T15:48:08.876" >
    <step title="Functions App ZipDeploy. Run from package. Ignore remote build." date="2025-08-04T15:48:08.923" /><!-- duration: 16ms -->
    <step title="Starting PushDeployAsync" date="2025-08-04T15:48:08.955" /><!-- duration: 16ms -->
    <step title="Updating shutdown sentinel last write time" date="2025-08-04T15:48:09.017" SemaphoreCount="7" /><!-- duration: 16ms -->
    <step title="LockFile &apos;C:\home\site\locks\deployments.lock&apos; acquired" date="2025-08-04T15:48:09.064" /><!-- duration: 16ms -->
    <step title="Deleting outdated zip file C:\home\data\SitePackages\20250804083601.zip" date="2025-08-04T15:48:09.111" /><!-- duration: 47ms -->
    <step title="Saving request content to C:\home\data\SitePackages\20250804154808.zip" date="2025-08-04T15:48:09.173" >
      <step title="Total 1,665,182 bytes written to C:\home\data\SitePackages\20250804154808.zip" date="2025-08-04T15:48:09.236" /><!-- duration: 31ms -->
    </step><!-- duration: 141ms -->
    <step title="LockFile &apos;C:\home\site\locks\deployments.lock&apos; released" date="2025-08-04T15:48:09.330" /><!-- duration: 16ms -->
    <step title="Deleting shutdown sentinel file" date="2025-08-04T15:48:09.392" SemaphoreCount="8" /><!-- duration: 16ms -->
    <step title="Starting FetchDeploy" date="2025-08-04T15:48:09.439" /><!-- duration: 16ms -->
    <step title="Attempting to fetch target branch HEAD" date="2025-08-04T15:48:09.470" /><!-- duration: 31ms -->
    <step title="Updating shutdown sentinel last write time" date="2025-08-04T15:48:09.548" SemaphoreCount="7" /><!-- duration: 16ms -->
    <step title="LockFile &apos;C:\home\site\locks\deployments.lock&apos; acquired" date="2025-08-04T15:48:09.580" /><!-- duration: 31ms -->
    <step title="Performing fetch based deployment" date="2025-08-04T15:48:09.626" >
      <step title="Creating temporary deployment" date="2025-08-04T15:48:09.673" /><!-- duration: 109ms -->
      <step title="Fetching changes." date="2025-08-04T15:48:09.955" /><!-- duration: 16ms -->
      <step title="Starting LocalZipHandler" date="2025-08-04T15:48:10.017" /><!-- duration: 16ms -->
      <step title="Starting ExtractTriggers" date="2025-08-04T15:48:10.064" /><!-- duration: 16ms -->
      <step title="None repository commit" date="2025-08-04T15:48:10.189" >
        <step title="Commit id: 3f8581b1a73748c1bb440206bf9e12d6" date="2025-08-04T15:48:10.205" Message="Created via a push deployment" AuthorName="N/A" AuthorEmail="N/A" /><!-- duration: 31ms -->
      </step><!-- duration: 63ms -->
      <step title="Before sending BuildRequestReceived status to /api/updatedeploystatus" date="2025-08-04T15:48:10.283" /><!-- duration: 16ms -->
      <step title="DeploymentManager.Deploy(id:3f8581b1a73748c1bb440206bf9e12d6)" date="2025-08-04T15:48:10.314" >
        <step title="Collecting changeset information" date="2025-08-04T15:48:10.361" /><!-- duration: 141ms -->
        <step title="Updating submodules" date="2025-08-04T15:48:10.517" >
          <step title="Updating submodules." date="2025-08-04T15:48:10.720" /><!-- duration: 16ms -->
        </step><!-- duration: 266ms -->
        <step title="Preparing deployment for commit id &apos;3f8581b1a7&apos;." date="2025-08-04T15:48:10.970" /><!-- duration: 16ms -->
        <step title="Determining deployment builder" date="2025-08-04T15:48:11.189" >
          <step title="Builder is RunFromZipSiteBuilder" date="2025-08-04T15:48:11.220" /><!-- duration: 16ms -->
        </step><!-- duration: 62ms -->
        <step title="Copying SSH keys" date="2025-08-04T15:48:11.376" /><!-- duration: 31ms -->
        <step title="Building" date="2025-08-04T15:48:11.423" >
          <step title="Skipping build. Project type: Run-From-Zip" date="2025-08-04T15:48:11.611" /><!-- duration: 16ms -->
          <step title="Skipping post build. Project type: Run-From-Zip" date="2025-08-04T15:48:11.814" /><!-- duration: 16ms -->
          <step title="Triggering recycle (preview mode disabled)." date="2025-08-04T15:48:12.001" /><!-- duration: 31ms -->
          <step title="Ignoring FS watcher based recycle request as this is a classic Windows app." date="2025-08-04T15:48:12.080" /><!-- duration: 16ms -->
          <step title="Deployment successful. DEPLOYMENTINFO: deploymentPath = Functions App ZipDeploy. Run from package. Ignore remote build., deployer = ZipDeploy, os = windows, sku = Dynamic, language = node, siteName = webhook-functions-sharepoint-002, slotName = Production, siteHostName = webhook-functions-sharepoint-002.azurewebsites.net, deploymentStatus = Success" date="2025-08-04T15:48:12.267" /><!-- duration: 16ms -->
          <step title="Purge deployment items" date="2025-08-04T15:48:12.845" >
            <step title="Remove 2362886e8, Success, received at 8/4/2025 7:47:19 AM" date="2025-08-04T15:48:13.095" /><!-- duration: 16ms -->
          </step><!-- duration: 281ms -->
        </step><!-- duration: 1781ms -->
      </step><!-- duration: 2922ms -->
      <step title="Cleaning up temp files" date="2025-08-04T15:48:13.252" /><!-- duration: 31ms -->
      <step title="Updating C:\home\data\SitePackages\packagename.txt with deployment 20250804154808.zip" date="2025-08-04T15:48:13.298" /><!-- duration: 47ms -->
      <step title="Begin HttpPost https://webhook-functions-sharepoint-002.scm.azurewebsites.net/operations/settriggers, x-ms-request-id: 63cc8f91-7606-43c7-a109-91822216c09c" date="2025-08-04T15:48:13.392" /><!-- duration: 31ms -->
      <step title="End HttpPost, status: OK" date="2025-08-04T15:48:13.580" /><!-- duration: 16ms -->
      <step title="Scheduling background sync triggers after delay" date="2025-08-04T15:48:13.627" /><!-- duration: 16ms -->
    </step><!-- duration: 4203ms -->
    <step title="LockFile &apos;C:\home\site\locks\deployments.lock&apos; released" date="2025-08-04T15:48:13.845" /><!-- duration: 31ms -->
  </step><!-- duration: 5031ms -->
  <step title="Outgoing response" date="2025-08-04T15:48:13.939" type="response" statusCode="200" statusText="OK" Server="Microsoft-IIS/10.0" x-ms-request-id="63cc8f91-7606-43c7-a109-91822216c09c" Cache-Control="private" X-AspNet-Version="4.0.30319" /><!-- duration: 16ms -->
</step><!-- duration: 5156ms -->
