<step title="Incoming Request" date="2025-07-30T03:43:34.369" instance="75d6f6" url="/api/zipdeploy" method="POST" type="request" pid="4220,2,17" Content-Length="1649650" Content-Type="application/zip" Authorization="Bea..." Host="webhook-functions-sharepoint-002.scm.azurewebsites.net" If-Match="*" User-Agent="functions-core-tools/4.1.0" X-ARR-LOG-ID="33b8016d-4a19-4cb9-83dc-e2ea20527fa9" CLIENT-IP="104.55.129.222:53177" X-SITE-DEPLOYMENT-ID="webhook-functions-sharepoint-002" WAS-DEFAULT-HOSTNAME="webhook-functions-sharepoint-002.scm.azurewebsites.net" X-Forwarded-Proto="https" X-AppService-Proto="https" X-Forwarded-TlsVersion="1.2" X-WAWS-Unencoded-URL="/api/zipdeploy" >
  <step title="Cleanup Xml Logs" date="2025-07-30T03:43:34.400" >
    <step title="Cleanup Infos" date="2025-07-30T03:43:34.432" totalFiles="201" totalCleanup="41" /><!-- duration: 1850ms -->
  </step><!-- duration: 1914ms -->
  <step title="ZipPushDeploy" date="2025-07-30T03:43:36.706" >
    <step title="Functions App ZipDeploy. Run from package. Ignore remote build." date="2025-07-30T03:43:36.737" /><!-- duration: 16ms -->
    <step title="Starting PushDeployAsync" date="2025-07-30T03:43:36.784" /><!-- duration: 31ms -->
    <step title="Updating shutdown sentinel last write time" date="2025-07-30T03:43:36.893" SemaphoreCount="7" /><!-- duration: 16ms -->
    <step title="LockFile &apos;C:\home\site\locks\deployments.lock&apos; acquired" date="2025-07-30T03:43:36.924" /><!-- duration: 47ms -->
    <step title="Deleting outdated zip file C:\home\data\SitePackages\20250730031159.zip" date="2025-07-30T03:43:37.034" /><!-- duration: 47ms -->
    <step title="Saving request content to C:\home\data\SitePackages\20250730034336.zip" date="2025-07-30T03:43:37.096" >
      <step title="Total 1,649,650 bytes written to C:\home\data\SitePackages\20250730034336.zip" date="2025-07-30T03:43:37.206" /><!-- duration: 15ms -->
    </step><!-- duration: 203ms -->
    <step title="LockFile &apos;C:\home\site\locks\deployments.lock&apos; released" date="2025-07-30T03:43:37.346" /><!-- duration: 47ms -->
    <step title="Deleting shutdown sentinel file" date="2025-07-30T03:43:37.440" SemaphoreCount="8" /><!-- duration: 16ms -->
    <step title="Starting FetchDeploy" date="2025-07-30T03:43:37.487" /><!-- duration: 16ms -->
    <step title="Attempting to fetch target branch HEAD" date="2025-07-30T03:43:37.534" /><!-- duration: 16ms -->
    <step title="Updating shutdown sentinel last write time" date="2025-07-30T03:43:37.612" SemaphoreCount="7" /><!-- duration: 31ms -->
    <step title="LockFile &apos;C:\home\site\locks\deployments.lock&apos; acquired" date="2025-07-30T03:43:37.659" /><!-- duration: 31ms -->
    <step title="Performing fetch based deployment" date="2025-07-30T03:43:37.722" >
      <step title="Creating temporary deployment" date="2025-07-30T03:43:37.737" /><!-- duration: 156ms -->
      <step title="Fetching changes." date="2025-07-30T03:43:38.162" /><!-- duration: 15ms -->
      <step title="Starting LocalZipHandler" date="2025-07-30T03:43:38.224" /><!-- duration: 31ms -->
      <step title="Starting ExtractTriggers" date="2025-07-30T03:43:38.287" /><!-- duration: 18ms -->
      <step title="None repository commit" date="2025-07-30T03:43:38.414" >
        <step title="Commit id: 6e471968cc5846459d08453585dbb0df" date="2025-07-30T03:43:38.445" Message="Created via a push deployment" AuthorName="N/A" AuthorEmail="N/A" /><!-- duration: 16ms -->
      </step><!-- duration: 63ms -->
      <step title="Before sending BuildRequestReceived status to /api/updatedeploystatus" date="2025-07-30T03:43:38.492" /><!-- duration: 31ms -->
      <step title="DeploymentManager.Deploy(id:6e471968cc5846459d08453585dbb0df)" date="2025-07-30T03:43:38.539" >
        <step title="Collecting changeset information" date="2025-07-30T03:43:38.585" /><!-- duration: 172ms -->
        <step title="Updating submodules" date="2025-07-30T03:43:38.773" >
          <step title="Updating submodules." date="2025-07-30T03:43:38.960" /><!-- duration: 16ms -->
        </step><!-- duration: 250ms -->
        <step title="Preparing deployment for commit id &apos;6e471968cc&apos;." date="2025-07-30T03:43:39.211" /><!-- duration: 31ms -->
        <step title="Determining deployment builder" date="2025-07-30T03:43:39.445" >
          <step title="Builder is RunFromZipSiteBuilder" date="2025-07-30T03:43:39.476" /><!-- duration: 16ms -->
        </step><!-- duration: 62ms -->
        <step title="Copying SSH keys" date="2025-07-30T03:43:39.585" /><!-- duration: 31ms -->
        <step title="Building" date="2025-07-30T03:43:39.632" >
          <step title="Skipping build. Project type: Run-From-Zip" date="2025-07-30T03:43:39.820" /><!-- duration: 35ms -->
          <step title="Skipping post build. Project type: Run-From-Zip" date="2025-07-30T03:43:40.071" /><!-- duration: 30ms -->
          <step title="Triggering recycle (preview mode disabled)." date="2025-07-30T03:43:40.304" /><!-- duration: 31ms -->
          <step title="Ignoring FS watcher based recycle request as this is a classic Windows app." date="2025-07-30T03:43:40.367" /><!-- duration: 31ms -->
          <step title="Deployment successful. DEPLOYMENTINFO: deploymentPath = Functions App ZipDeploy. Run from package. Ignore remote build., deployer = ZipDeploy, os = windows, sku = Dynamic, language = node, siteName = webhook-functions-sharepoint-002, slotName = Production, siteHostName = webhook-functions-sharepoint-002.azurewebsites.net, deploymentStatus = Success" date="2025-07-30T03:43:40.570" /><!-- duration: 31ms -->
          <step title="Purge deployment items" date="2025-07-30T03:43:41.242" >
            <step title="Remove bf20ac0fe, Success, received at 7/30/2025 2:39:17 AM" date="2025-07-30T03:43:41.523" /><!-- duration: 16ms -->
          </step><!-- duration: 312ms -->
        </step><!-- duration: 2016ms -->
      </step><!-- duration: 3141ms -->
      <step title="Cleaning up temp files" date="2025-07-30T03:43:41.695" /><!-- duration: 16ms -->
      <step title="Updating C:\home\data\SitePackages\packagename.txt with deployment 20250730034336.zip" date="2025-07-30T03:43:41.742" /><!-- duration: 47ms -->
      <step title="Begin HttpPost https://webhook-functions-sharepoint-002.scm.azurewebsites.net/operations/settriggers, x-ms-request-id: 33b8016d-4a19-4cb9-83dc-e2ea20527fa9" date="2025-07-30T03:43:41.867" /><!-- duration: 16ms -->
      <step title="End HttpPost, status: OK" date="2025-07-30T03:43:42.117" /><!-- duration: 16ms -->
      <step title="Scheduling background sync triggers after delay" date="2025-07-30T03:43:42.148" /><!-- duration: 31ms -->
    </step><!-- duration: 4676ms -->
    <step title="LockFile &apos;C:\home\site\locks\deployments.lock&apos; released" date="2025-07-30T03:43:42.414" /><!-- duration: 31ms -->
  </step><!-- duration: 5771ms -->
  <step title="Outgoing response" date="2025-07-30T03:43:42.507" type="response" statusCode="200" statusText="OK" Server="Microsoft-IIS/10.0" x-ms-request-id="33b8016d-4a19-4cb9-83dc-e2ea20527fa9" Cache-Control="private" X-AspNet-Version="4.0.30319" /><!-- duration: 31ms -->
</step><!-- duration: 8186ms -->
