<step title="BackgroundTrace" date="2025-08-04T16:59:35.914" instance="033c91" url="synctriggers-operation" method="POST" >
  <step title="Updating shutdown sentinel last write time" date="2025-08-04T16:59:35.928" SemaphoreCount="5" /><!-- duration: 32ms -->
  <step title="Delaying &apos;00:01:00&apos; for Functions site to restart." date="2025-08-04T16:59:35.975" /><!-- duration: 15ms -->
  <step title="Begin HttpPost https://webhook-functions-sharepoint-002.azurewebsites.net/admin/host/synctriggers, x-ms-request-id: 4a4d96de-d2be-4725-9b28-ebc05f872d4f" date="2025-08-04T16:59:37.085" /><!-- duration: 31ms -->
  <step title="End HttpPost, status: OK" date="2025-08-04T16:59:37.539" /><!-- duration: 31ms -->
  <step title="Syncing function triggers by calling the functions runtime site successful." date="2025-08-04T16:59:37.586" /><!-- duration: 31ms -->
  <step title="Begin HttpPost https://webhook-functions-sharepoint-002.azurewebsites.net/admin/host/synctriggers, x-ms-request-id: f1a098cf-a484-460c-bfe7-d29e9852988d" date="2025-08-04T17:00:36.044" /><!-- duration: 31ms -->
  <step title="End HttpPost, status: OK" date="2025-08-04T17:00:36.265" /><!-- duration: 16ms -->
  <step title="Syncing function triggers by calling the functions runtime site successful." date="2025-08-04T17:00:36.312" /><!-- duration: 31ms -->
  <step title="Deleting shutdown sentinel file" date="2025-08-04T17:00:36.359" SemaphoreCount="8" /><!-- duration: 31ms -->
</step><!-- duration: 60491ms -->
