<step title="Incoming Request" date="2025-07-30T02:37:33.629" instance="e13d73" url="/api/zipdeploy" method="POST" type="request" pid="2860,2,8" Content-Length="1647873" Content-Type="application/zip" Authorization="Bea..." Host="webhook-functions-sharepoint-002.scm.azurewebsites.net" If-Match="*" User-Agent="functions-core-tools/4.1.0" X-ARR-LOG-ID="b17f2e5a-bcf4-47c9-92ef-014fae3fdda2" CLIENT-IP="104.55.129.222:60189" X-SITE-DEPLOYMENT-ID="webhook-functions-sharepoint-002" WAS-DEFAULT-HOSTNAME="webhook-functions-sharepoint-002.scm.azurewebsites.net" X-Forwarded-Proto="https" X-AppService-Proto="https" X-Forwarded-TlsVersion="1.2" X-WAWS-Unencoded-URL="/api/zipdeploy" >
  <step title="ZipPushDeploy" date="2025-07-30T02:37:33.724" >
    <step title="Functions App ZipDeploy. Run from package. Ignore remote build." date="2025-07-30T02:37:33.758" /><!-- duration: 16ms -->
    <step title="Starting PushDeployAsync" date="2025-07-30T02:37:33.805" /><!-- duration: 16ms -->
    <step title="Updating shutdown sentinel last write time" date="2025-07-30T02:37:33.946" SemaphoreCount="7" /><!-- duration: 16ms -->
    <step title="LockFile &apos;C:\home\site\locks\deployments.lock&apos; acquired" date="2025-07-30T02:37:33.993" /><!-- duration: 16ms -->
    <step title="Deleting outdated zip file C:\home\data\SitePackages\20250729230814.zip" date="2025-07-30T02:37:34.055" /><!-- duration: 47ms -->
    <step title="Saving request content to C:\home\data\SitePackages\20250730023733.zip" date="2025-07-30T02:37:34.133" >
      <step title="Total 1,647,873 bytes written to C:\home\data\SitePackages\20250730023733.zip" date="2025-07-30T02:37:34.227" /><!-- duration: 31ms -->
    </step><!-- duration: 203ms -->
    <step title="LockFile &apos;C:\home\site\locks\deployments.lock&apos; released" date="2025-07-30T02:37:34.352" /><!-- duration: 31ms -->
    <step title="Deleting shutdown sentinel file" date="2025-07-30T02:37:34.415" SemaphoreCount="8" /><!-- duration: 31ms -->
    <step title="Starting FetchDeploy" date="2025-07-30T02:37:34.462" /><!-- duration: 16ms -->
    <step title="Attempting to fetch target branch HEAD" date="2025-07-30T02:37:34.508" /><!-- duration: 16ms -->
    <step title="Updating shutdown sentinel last write time" date="2025-07-30T02:37:34.571" SemaphoreCount="7" /><!-- duration: 16ms -->
    <step title="LockFile &apos;C:\home\site\locks\deployments.lock&apos; acquired" date="2025-07-30T02:37:34.602" /><!-- duration: 31ms -->
    <step title="Performing fetch based deployment" date="2025-07-30T02:37:34.665" >
      <step title="Creating temporary deployment" date="2025-07-30T02:37:34.680" /><!-- duration: 141ms -->
      <step title="Fetching changes." date="2025-07-30T02:37:35.118" /><!-- duration: 16ms -->
      <step title="Starting LocalZipHandler" date="2025-07-30T02:37:35.180" /><!-- duration: 16ms -->
      <step title="Starting ExtractTriggers" date="2025-07-30T02:37:35.227" /><!-- duration: 16ms -->
      <step title="None repository commit" date="2025-07-30T02:37:35.352" >
        <step title="Commit id: cfafabd91f5a494791ee4f2b48a39b10" date="2025-07-30T02:37:35.368" Message="Created via a push deployment" AuthorName="N/A" AuthorEmail="N/A" /><!-- duration: 31ms -->
      </step><!-- duration: 62ms -->
      <step title="Before sending BuildRequestReceived status to /api/updatedeploystatus" date="2025-07-30T02:37:35.430" /><!-- duration: 31ms -->
      <step title="DeploymentManager.Deploy(id:cfafabd91f5a494791ee4f2b48a39b10)" date="2025-07-30T02:37:35.477" >
        <step title="Collecting changeset information" date="2025-07-30T02:37:35.524" /><!-- duration: 141ms -->
        <step title="Updating submodules" date="2025-07-30T02:37:35.680" >
          <step title="Updating submodules." date="2025-07-30T02:37:35.852" /><!-- duration: 16ms -->
        </step><!-- duration: 234ms -->
        <step title="Preparing deployment for commit id &apos;cfafabd91f&apos;." date="2025-07-30T02:37:36.087" /><!-- duration: 31ms -->
        <step title="Determining deployment builder" date="2025-07-30T02:37:36.305" >
          <step title="Builder is RunFromZipSiteBuilder" date="2025-07-30T02:37:36.321" /><!-- duration: 31ms -->
        </step><!-- duration: 62ms -->
        <step title="Copying SSH keys" date="2025-07-30T02:37:36.446" /><!-- duration: 31ms -->
        <step title="Building" date="2025-07-30T02:37:36.509" >
          <step title="Skipping build. Project type: Run-From-Zip" date="2025-07-30T02:37:36.696" /><!-- duration: 16ms -->
          <step title="Skipping post build. Project type: Run-From-Zip" date="2025-07-30T02:37:36.915" /><!-- duration: 16ms -->
          <step title="Triggering recycle (preview mode disabled)." date="2025-07-30T02:37:37.134" /><!-- duration: 31ms -->
          <step title="Ignoring FS watcher based recycle request as this is a classic Windows app." date="2025-07-30T02:37:37.196" /><!-- duration: 31ms -->
          <step title="Deployment successful. DEPLOYMENTINFO: deploymentPath = Functions App ZipDeploy. Run from package. Ignore remote build., deployer = ZipDeploy, os = windows, sku = Dynamic, language = node, siteName = webhook-functions-sharepoint-002, slotName = Production, siteHostName = webhook-functions-sharepoint-002.azurewebsites.net, deploymentStatus = Success" date="2025-07-30T02:37:37.399" /><!-- duration: 16ms -->
          <step title="Purge deployment items" date="2025-07-30T02:37:38.040" >
            <step title="Remove e62529fda, Success, received at 7/29/2025 9:34:20 PM" date="2025-07-30T02:37:38.290" /><!-- duration: 16ms -->
          </step><!-- duration: 281ms -->
        </step><!-- duration: 1906ms -->
      </step><!-- duration: 2953ms -->
      <step title="Cleaning up temp files" date="2025-07-30T02:37:38.446" /><!-- duration: 31ms -->
      <step title="Updating C:\home\data\SitePackages\packagename.txt with deployment 20250730023733.zip" date="2025-07-30T02:37:38.493" /><!-- duration: 63ms -->
      <step title="Begin HttpPost https://webhook-functions-sharepoint-002.scm.azurewebsites.net/operations/settriggers, x-ms-request-id: b17f2e5a-bcf4-47c9-92ef-014fae3fdda2" date="2025-07-30T02:37:38.619" /><!-- duration: 31ms -->
      <step title="End HttpPost, status: OK" date="2025-07-30T02:37:38.885" /><!-- duration: 16ms -->
      <step title="Scheduling background sync triggers after delay" date="2025-07-30T02:37:38.916" /><!-- duration: 16ms -->
    </step><!-- duration: 4470ms -->
    <step title="LockFile &apos;C:\home\site\locks\deployments.lock&apos; released" date="2025-07-30T02:37:39.166" /><!-- duration: 16ms -->
  </step><!-- duration: 5505ms -->
  <step title="Outgoing response" date="2025-07-30T02:37:39.260" type="response" statusCode="200" statusText="OK" Server="Microsoft-IIS/10.0" x-ms-request-id="b17f2e5a-bcf4-47c9-92ef-014fae3fdda2" Cache-Control="private" X-AspNet-Version="4.0.30319" /><!-- duration: 16ms -->
</step><!-- duration: 5662ms -->
