<step title="Incoming Request" date="2025-07-30T03:46:37.618" instance="75d6f6" url="/api/zipdeploy" method="POST" type="request" pid="1300,2,9" Content-Length="1649694" Content-Type="application/zip" Authorization="Bea..." Host="webhook-functions-sharepoint-002.scm.azurewebsites.net" If-Match="*" User-Agent="functions-core-tools/4.1.0" X-ARR-LOG-ID="9ecea74b-ba7c-492d-9c58-b07b72f7e71a" CLIENT-IP="104.55.129.222:53675" X-SITE-DEPLOYMENT-ID="webhook-functions-sharepoint-002" WAS-DEFAULT-HOSTNAME="webhook-functions-sharepoint-002.scm.azurewebsites.net" X-Forwarded-Proto="https" X-AppService-Proto="https" X-Forwarded-TlsVersion="1.2" X-WAWS-Unencoded-URL="/api/zipdeploy" >
  <step title="Cleanup Xml Logs" date="2025-07-30T03:46:37.649" /><!-- duration: 31ms -->
  <step title="ZipPushDeploy" date="2025-07-30T03:46:37.836" >
    <step title="Functions App ZipDeploy. Run from package. Ignore remote build." date="2025-07-30T03:46:37.852" /><!-- duration: 32ms -->
    <step title="Starting PushDeployAsync" date="2025-07-30T03:46:37.914" /><!-- duration: 16ms -->
    <step title="Updating shutdown sentinel last write time" date="2025-07-30T03:46:37.992" SemaphoreCount="7" /><!-- duration: 16ms -->
    <step title="LockFile &apos;C:\home\site\locks\deployments.lock&apos; acquired" date="2025-07-30T03:46:38.024" /><!-- duration: 34ms -->
    <step title="Deleting outdated zip file C:\home\data\SitePackages\20250730033328.zip" date="2025-07-30T03:46:38.117" /><!-- duration: 31ms -->
    <step title="Saving request content to C:\home\data\SitePackages\20250730034637.zip" date="2025-07-30T03:46:38.180" >
      <step title="Total 1,649,694 bytes written to C:\home\data\SitePackages\20250730034637.zip" date="2025-07-30T03:46:38.258" /><!-- duration: 16ms -->
    </step><!-- duration: 188ms -->
    <step title="LockFile &apos;C:\home\site\locks\deployments.lock&apos; released" date="2025-07-30T03:46:38.399" /><!-- duration: 16ms -->
    <step title="Deleting shutdown sentinel file" date="2025-07-30T03:46:38.461" SemaphoreCount="8" /><!-- duration: 31ms -->
    <step title="Starting FetchDeploy" date="2025-07-30T03:46:38.508" /><!-- duration: 16ms -->
    <step title="Attempting to fetch target branch HEAD" date="2025-07-30T03:46:38.555" /><!-- duration: 16ms -->
    <step title="Updating shutdown sentinel last write time" date="2025-07-30T03:46:38.618" SemaphoreCount="7" /><!-- duration: 16ms -->
    <step title="LockFile &apos;C:\home\site\locks\deployments.lock&apos; acquired" date="2025-07-30T03:46:38.664" /><!-- duration: 16ms -->
    <step title="Performing fetch based deployment" date="2025-07-30T03:46:38.711" >
      <step title="Creating temporary deployment" date="2025-07-30T03:46:38.742" /><!-- duration: 141ms -->
      <step title="Fetching changes." date="2025-07-30T03:46:39.102" /><!-- duration: 16ms -->
      <step title="Starting LocalZipHandler" date="2025-07-30T03:46:39.165" /><!-- duration: 16ms -->
      <step title="Starting ExtractTriggers" date="2025-07-30T03:46:39.212" /><!-- duration: 16ms -->
      <step title="None repository commit" date="2025-07-30T03:46:39.337" >
        <step title="Commit id: f70f9e8fa56c47dc99db3336f14d09f7" date="2025-07-30T03:46:39.353" Message="Created via a push deployment" AuthorName="N/A" AuthorEmail="N/A" /><!-- duration: 31ms -->
      </step><!-- duration: 62ms -->
      <step title="Before sending BuildRequestReceived status to /api/updatedeploystatus" date="2025-07-30T03:46:39.415" /><!-- duration: 16ms -->
      <step title="DeploymentManager.Deploy(id:f70f9e8fa56c47dc99db3336f14d09f7)" date="2025-07-30T03:46:39.462" >
        <step title="Collecting changeset information" date="2025-07-30T03:46:39.509" /><!-- duration: 203ms -->
        <step title="Updating submodules" date="2025-07-30T03:46:39.728" >
          <step title="Updating submodules." date="2025-07-30T03:46:39.931" /><!-- duration: 16ms -->
        </step><!-- duration: 250ms -->
        <step title="Preparing deployment for commit id &apos;f70f9e8fa5&apos;." date="2025-07-30T03:46:40.196" /><!-- duration: 16ms -->
        <step title="Determining deployment builder" date="2025-07-30T03:46:40.415" >
          <step title="Builder is RunFromZipSiteBuilder" date="2025-07-30T03:46:40.431" /><!-- duration: 31ms -->
        </step><!-- duration: 62ms -->
        <step title="Copying SSH keys" date="2025-07-30T03:46:40.556" /><!-- duration: 31ms -->
        <step title="Building" date="2025-07-30T03:46:40.603" >
          <step title="Skipping build. Project type: Run-From-Zip" date="2025-07-30T03:46:40.790" /><!-- duration: 32ms -->
          <step title="Skipping post build. Project type: Run-From-Zip" date="2025-07-30T03:46:41.026" /><!-- duration: 31ms -->
          <step title="Triggering recycle (preview mode disabled)." date="2025-07-30T03:46:41.276" /><!-- duration: 16ms -->
          <step title="Ignoring FS watcher based recycle request as this is a classic Windows app." date="2025-07-30T03:46:41.339" /><!-- duration: 16ms -->
          <step title="Deployment successful. DEPLOYMENTINFO: deploymentPath = Functions App ZipDeploy. Run from package. Ignore remote build., deployer = ZipDeploy, os = windows, sku = Dynamic, language = node, siteName = webhook-functions-sharepoint-002, slotName = Production, siteHostName = webhook-functions-sharepoint-002.azurewebsites.net, deploymentStatus = Success" date="2025-07-30T03:46:41.542" /><!-- duration: 15ms -->
          <step title="Purge deployment items" date="2025-07-30T03:46:42.168" >
            <step title="Remove b248a08a1, Success, received at 7/30/2025 2:59:17 AM" date="2025-07-30T03:46:42.418" /><!-- duration: 16ms -->
          </step><!-- duration: 281ms -->
        </step><!-- duration: 1940ms -->
      </step><!-- duration: 3112ms -->
      <step title="Cleaning up temp files" date="2025-07-30T03:46:42.590" /><!-- duration: 31ms -->
      <step title="Updating C:\home\data\SitePackages\packagename.txt with deployment 20250730034637.zip" date="2025-07-30T03:46:42.636" /><!-- duration: 62ms -->
      <step title="Begin HttpPost https://webhook-functions-sharepoint-002.scm.azurewebsites.net/operations/settriggers, x-ms-request-id: 9ecea74b-ba7c-492d-9c58-b07b72f7e71a" date="2025-07-30T03:46:42.746" /><!-- duration: 16ms -->
      <step title="End HttpPost, status: OK" date="2025-07-30T03:46:42.933" /><!-- duration: 16ms -->
      <step title="Scheduling background sync triggers after delay" date="2025-07-30T03:46:42.980" /><!-- duration: 16ms -->
    </step><!-- duration: 4509ms -->
    <step title="LockFile &apos;C:\home\site\locks\deployments.lock&apos; released" date="2025-07-30T03:46:43.251" /><!-- duration: 16ms -->
  </step><!-- duration: 5478ms -->
  <step title="Outgoing response" date="2025-07-30T03:46:43.345" type="response" statusCode="200" statusText="OK" Server="Microsoft-IIS/10.0" x-ms-request-id="9ecea74b-ba7c-492d-9c58-b07b72f7e71a" Cache-Control="private" X-AspNet-Version="4.0.30319" /><!-- duration: 31ms -->
</step><!-- duration: 5774ms -->
