<step title="Incoming Request" date="2025-07-30T02:52:00.432" instance="e13d73" url="/api/zipdeploy" method="POST" type="request" pid="3464,2,25" Content-Length="1648262" Content-Type="application/zip" Authorization="Bea..." Host="webhook-functions-sharepoint-002.scm.azurewebsites.net" If-Match="*" User-Agent="functions-core-tools/4.1.0" X-ARR-LOG-ID="a608d325-7ed5-44e1-9f9a-203d1ac3128b" CLIENT-IP="104.55.129.222:62073" X-SITE-DEPLOYMENT-ID="webhook-functions-sharepoint-002" WAS-DEFAULT-HOSTNAME="webhook-functions-sharepoint-002.scm.azurewebsites.net" X-Forwarded-Proto="https" X-AppService-Proto="https" X-Forwarded-TlsVersion="1.2" X-WAWS-Unencoded-URL="/api/zipdeploy" >
  <step title="ZipPushDeploy" date="2025-07-30T02:52:00.510" >
    <step title="Functions App ZipDeploy. Run from package. Ignore remote build." date="2025-07-30T02:52:00.526" /><!-- duration: 31ms -->
    <step title="Starting PushDeployAsync" date="2025-07-30T02:52:00.573" /><!-- duration: 16ms -->
    <step title="Updating shutdown sentinel last write time" date="2025-07-30T02:52:00.651" SemaphoreCount="7" /><!-- duration: 78ms -->
    <step title="LockFile &apos;C:\home\site\locks\deployments.lock&apos; acquired" date="2025-07-30T02:52:00.745" /><!-- duration: 16ms -->
    <step title="Deleting outdated zip file C:\home\data\SitePackages\20250730021944.zip" date="2025-07-30T02:52:00.807" /><!-- duration: 47ms -->
    <step title="Saving request content to C:\home\data\SitePackages\20250730025200.zip" date="2025-07-30T02:52:00.885" >
      <step title="Total 1,648,262 bytes written to C:\home\data\SitePackages\20250730025200.zip" date="2025-07-30T02:52:00.948" /><!-- duration: 16ms -->
    </step><!-- duration: 156ms -->
    <step title="LockFile &apos;C:\home\site\locks\deployments.lock&apos; released" date="2025-07-30T02:52:01.073" /><!-- duration: 31ms -->
    <step title="Deleting shutdown sentinel file" date="2025-07-30T02:52:01.151" SemaphoreCount="8" /><!-- duration: 16ms -->
    <step title="Starting FetchDeploy" date="2025-07-30T02:52:01.182" /><!-- duration: 31ms -->
    <step title="Attempting to fetch target branch HEAD" date="2025-07-30T02:52:01.229" /><!-- duration: 16ms -->
    <step title="Updating shutdown sentinel last write time" date="2025-07-30T02:52:01.292" SemaphoreCount="7" /><!-- duration: 16ms -->
    <step title="LockFile &apos;C:\home\site\locks\deployments.lock&apos; acquired" date="2025-07-30T02:52:01.323" /><!-- duration: 31ms -->
    <step title="Performing fetch based deployment" date="2025-07-30T02:52:01.370" >
      <step title="Creating temporary deployment" date="2025-07-30T02:52:01.401" /><!-- duration: 156ms -->
      <step title="Fetching changes." date="2025-07-30T02:52:01.776" /><!-- duration: 16ms -->
      <step title="Starting LocalZipHandler" date="2025-07-30T02:52:01.839" /><!-- duration: 16ms -->
      <step title="Starting ExtractTriggers" date="2025-07-30T02:52:01.885" /><!-- duration: 16ms -->
      <step title="None repository commit" date="2025-07-30T02:52:02.026" >
        <step title="Commit id: ec5ec7e39d2f4bcb9ff6364350e8fe69" date="2025-07-30T02:52:02.057" Message="Created via a push deployment" AuthorName="N/A" AuthorEmail="N/A" /><!-- duration: 31ms -->
      </step><!-- duration: 78ms -->
      <step title="Before sending BuildRequestReceived status to /api/updatedeploystatus" date="2025-07-30T02:52:02.136" /><!-- duration: 16ms -->
      <step title="DeploymentManager.Deploy(id:ec5ec7e39d2f4bcb9ff6364350e8fe69)" date="2025-07-30T02:52:02.182" >
        <step title="Collecting changeset information" date="2025-07-30T02:52:02.229" /><!-- duration: 172ms -->
        <step title="Updating submodules" date="2025-07-30T02:52:02.433" >
          <step title="Updating submodules." date="2025-07-30T02:52:02.620" /><!-- duration: 16ms -->
        </step><!-- duration: 250ms -->
        <step title="Preparing deployment for commit id &apos;ec5ec7e39d&apos;." date="2025-07-30T02:52:02.870" /><!-- duration: 31ms -->
        <step title="Determining deployment builder" date="2025-07-30T02:52:03.104" >
          <step title="Builder is RunFromZipSiteBuilder" date="2025-07-30T02:52:03.136" /><!-- duration: 16ms -->
        </step><!-- duration: 78ms -->
        <step title="Copying SSH keys" date="2025-07-30T02:52:03.261" /><!-- duration: 31ms -->
        <step title="Building" date="2025-07-30T02:52:03.307" >
          <step title="Skipping build. Project type: Run-From-Zip" date="2025-07-30T02:52:03.526" /><!-- duration: 16ms -->
          <step title="Skipping post build. Project type: Run-From-Zip" date="2025-07-30T02:52:03.745" /><!-- duration: 31ms -->
          <step title="Triggering recycle (preview mode disabled)." date="2025-07-30T02:52:03.979" /><!-- duration: 16ms -->
          <step title="Ignoring FS watcher based recycle request as this is a classic Windows app." date="2025-07-30T02:52:04.042" /><!-- duration: 35ms -->
          <step title="Deployment successful. DEPLOYMENTINFO: deploymentPath = Functions App ZipDeploy. Run from package. Ignore remote build., deployer = ZipDeploy, os = windows, sku = Dynamic, language = node, siteName = webhook-functions-sharepoint-002, slotName = Production, siteHostName = webhook-functions-sharepoint-002.azurewebsites.net, deploymentStatus = Success" date="2025-07-30T02:52:04.261" /><!-- duration: 31ms -->
          <step title="Purge deployment items" date="2025-07-30T02:52:04.886" >
            <step title="Remove d7dc937dc, Success, received at 7/29/2025 10:52:59 PM" date="2025-07-30T02:52:05.136" /><!-- duration: 16ms -->
          </step><!-- duration: 281ms -->
        </step><!-- duration: 1953ms -->
      </step><!-- duration: 3094ms -->
      <step title="Cleaning up temp files" date="2025-07-30T02:52:05.292" /><!-- duration: 31ms -->
      <step title="Updating C:\home\data\SitePackages\packagename.txt with deployment 20250730025200.zip" date="2025-07-30T02:52:05.339" /><!-- duration: 47ms -->
      <step title="Begin HttpPost https://webhook-functions-sharepoint-002.scm.azurewebsites.net/operations/settriggers, x-ms-request-id: a608d325-7ed5-44e1-9f9a-203d1ac3128b" date="2025-07-30T02:52:05.448" /><!-- duration: 16ms -->
      <step title="End HttpPost, status: OK" date="2025-07-30T02:52:05.620" /><!-- duration: 16ms -->
      <step title="Scheduling background sync triggers after delay" date="2025-07-30T02:52:05.667" /><!-- duration: 16ms -->
    </step><!-- duration: 4516ms -->
    <step title="LockFile &apos;C:\home\site\locks\deployments.lock&apos; released" date="2025-07-30T02:52:05.917" /><!-- duration: 31ms -->
  </step><!-- duration: 5484ms -->
  <step title="Outgoing response" date="2025-07-30T02:52:06.011" type="response" statusCode="200" statusText="OK" Server="Microsoft-IIS/10.0" x-ms-request-id="a608d325-7ed5-44e1-9f9a-203d1ac3128b" Cache-Control="private" X-AspNet-Version="4.0.30319" /><!-- duration: 31ms -->
</step><!-- duration: 5625ms -->
