<step title="Incoming Request" date="2025-08-04T08:20:04.108" instance="c1f1fa" url="/api/zipdeploy" method="POST" type="request" pid="4656,2,9" Content-Length="1663662" Content-Type="application/zip" Authorization="Bea..." Host="webhook-functions-sharepoint-002.scm.azurewebsites.net" If-Match="*" User-Agent="functions-core-tools/4.1.0" X-ARR-LOG-ID="e90c97ec-8bee-49cd-845b-3e08688a0f70" CLIENT-IP="104.55.129.222:64638" X-SITE-DEPLOYMENT-ID="webhook-functions-sharepoint-002" WAS-DEFAULT-HOSTNAME="webhook-functions-sharepoint-002.scm.azurewebsites.net" X-Forwarded-Proto="https" X-AppService-Proto="https" X-Forwarded-TlsVersion="1.2" X-WAWS-Unencoded-URL="/api/zipdeploy" >
  <step title="ZipPushDeploy" date="2025-08-04T08:20:04.186" >
    <step title="Functions App ZipDeploy. Run from package. Ignore remote build." date="2025-08-04T08:20:04.233" /><!-- duration: 31ms -->
    <step title="Starting PushDeployAsync" date="2025-08-04T08:20:04.280" /><!-- duration: 31ms -->
    <step title="Updating shutdown sentinel last write time" date="2025-08-04T08:20:04.373" SemaphoreCount="7" /><!-- duration: 31ms -->
    <step title="LockFile &apos;C:\home\site\locks\deployments.lock&apos; acquired" date="2025-08-04T08:20:04.420" /><!-- duration: 31ms -->
    <step title="Deleting outdated zip file C:\home\data\SitePackages\20250804074643.zip" date="2025-08-04T08:20:04.483" /><!-- duration: 47ms -->
    <step title="Saving request content to C:\home\data\SitePackages\20250804082004.zip" date="2025-08-04T08:20:04.545" >
      <step title="Total 1,663,662 bytes written to C:\home\data\SitePackages\20250804082004.zip" date="2025-08-04T08:20:04.647" /><!-- duration: 16ms -->
    </step><!-- duration: 198ms -->
    <step title="LockFile &apos;C:\home\site\locks\deployments.lock&apos; released" date="2025-08-04T08:20:04.791" /><!-- duration: 32ms -->
    <step title="Deleting shutdown sentinel file" date="2025-08-04T08:20:04.885" SemaphoreCount="8" /><!-- duration: 16ms -->
    <step title="Starting FetchDeploy" date="2025-08-04T08:20:04.932" /><!-- duration: 16ms -->
    <step title="Attempting to fetch target branch HEAD" date="2025-08-04T08:20:04.979" /><!-- duration: 16ms -->
    <step title="Updating shutdown sentinel last write time" date="2025-08-04T08:20:05.041" SemaphoreCount="7" /><!-- duration: 16ms -->
    <step title="LockFile &apos;C:\home\site\locks\deployments.lock&apos; acquired" date="2025-08-04T08:20:05.072" /><!-- duration: 31ms -->
    <step title="Performing fetch based deployment" date="2025-08-04T08:20:05.119" >
      <step title="Creating temporary deployment" date="2025-08-04T08:20:05.151" /><!-- duration: 172ms -->
      <step title="Fetching changes." date="2025-08-04T08:20:05.541" /><!-- duration: 16ms -->
      <step title="Starting LocalZipHandler" date="2025-08-04T08:20:05.604" /><!-- duration: 31ms -->
      <step title="Starting ExtractTriggers" date="2025-08-04T08:20:05.651" /><!-- duration: 31ms -->
      <step title="None repository commit" date="2025-08-04T08:20:05.791" >
        <step title="Commit id: 5b0ccec1b97748daa25456c0f624dbfa" date="2025-08-04T08:20:05.807" Message="Created via a push deployment" AuthorName="N/A" AuthorEmail="N/A" /><!-- duration: 16ms -->
      </step><!-- duration: 62ms -->
      <step title="Before sending BuildRequestReceived status to /api/updatedeploystatus" date="2025-08-04T08:20:05.869" /><!-- duration: 16ms -->
      <step title="DeploymentManager.Deploy(id:5b0ccec1b97748daa25456c0f624dbfa)" date="2025-08-04T08:20:05.916" >
        <step title="Collecting changeset information" date="2025-08-04T08:20:05.963" /><!-- duration: 188ms -->
        <step title="Updating submodules" date="2025-08-04T08:20:06.166" >
          <step title="Updating submodules." date="2025-08-04T08:20:06.369" /><!-- duration: 31ms -->
        </step><!-- duration: 281ms -->
        <step title="Preparing deployment for commit id &apos;5b0ccec1b9&apos;." date="2025-08-04T08:20:06.666" /><!-- duration: 16ms -->
        <step title="Determining deployment builder" date="2025-08-04T08:20:06.885" >
          <step title="Builder is RunFromZipSiteBuilder" date="2025-08-04T08:20:06.901" /><!-- duration: 31ms -->
        </step><!-- duration: 63ms -->
        <step title="Copying SSH keys" date="2025-08-04T08:20:07.026" /><!-- duration: 47ms -->
        <step title="Building" date="2025-08-04T08:20:07.088" >
          <step title="Skipping build. Project type: Run-From-Zip" date="2025-08-04T08:20:07.309" /><!-- duration: 47ms -->
          <step title="Skipping post build. Project type: Run-From-Zip" date="2025-08-04T08:20:07.590" /><!-- duration: 16ms -->
          <step title="Triggering recycle (preview mode disabled)." date="2025-08-04T08:20:07.857" /><!-- duration: 16ms -->
          <step title="Ignoring FS watcher based recycle request as this is a classic Windows app." date="2025-08-04T08:20:07.919" /><!-- duration: 31ms -->
          <step title="Deployment successful. DEPLOYMENTINFO: deploymentPath = Functions App ZipDeploy. Run from package. Ignore remote build., deployer = ZipDeploy, os = windows, sku = Dynamic, language = node, siteName = webhook-functions-sharepoint-002, slotName = Production, siteHostName = webhook-functions-sharepoint-002.azurewebsites.net, deploymentStatus = Success" date="2025-08-04T08:20:08.158" /><!-- duration: 31ms -->
          <step title="Purge deployment items" date="2025-08-04T08:20:08.865" >
            <step title="Remove c78e4a3c8, Success, received at 7/30/2025 3:43:58 AM" date="2025-08-04T08:20:09.164" /><!-- duration: 16ms -->
          </step><!-- duration: 346ms -->
        </step><!-- duration: 2216ms -->
      </step><!-- duration: 3404ms -->
      <step title="Cleaning up temp files" date="2025-08-04T08:20:09.351" /><!-- duration: 16ms -->
      <step title="Updating C:\home\data\SitePackages\packagename.txt with deployment 20250804082004.zip" date="2025-08-04T08:20:09.383" /><!-- duration: 62ms -->
      <step title="Begin HttpPost https://webhook-functions-sharepoint-002.scm.azurewebsites.net/operations/settriggers, x-ms-request-id: e90c97ec-8bee-49cd-845b-3e08688a0f70" date="2025-08-04T08:20:09.492" /><!-- duration: 15ms -->
      <step title="End HttpPost, status: OK" date="2025-08-04T08:20:09.698" /><!-- duration: 16ms -->
      <step title="Scheduling background sync triggers after delay" date="2025-08-04T08:20:09.745" /><!-- duration: 31ms -->
    </step><!-- duration: 4860ms -->
    <step title="LockFile &apos;C:\home\site\locks\deployments.lock&apos; released" date="2025-08-04T08:20:10.026" /><!-- duration: 16ms -->
  </step><!-- duration: 5903ms -->
  <step title="Outgoing response" date="2025-08-04T08:20:10.120" type="response" statusCode="200" statusText="OK" Server="Microsoft-IIS/10.0" x-ms-request-id="e90c97ec-8bee-49cd-845b-3e08688a0f70" Cache-Control="private" X-AspNet-Version="4.0.30319" /><!-- duration: 16ms -->
</step><!-- duration: 6059ms -->
