<step title="Incoming Request" date="2025-08-04T17:01:08.309" instance="033c91" url="/api/zipdeploy" method="POST" type="request" pid="7888,2,9" Content-Length="1666893" Content-Type="application/zip" Authorization="Bea..." Host="webhook-functions-sharepoint-002.scm.azurewebsites.net" If-Match="*" User-Agent="functions-core-tools/4.1.0" X-ARR-LOG-ID="e9876872-9265-46eb-b30c-b5c71698609b" CLIENT-IP="131.239.142.46:51507" X-SITE-DEPLOYMENT-ID="webhook-functions-sharepoint-002" WAS-DEFAULT-HOSTNAME="webhook-functions-sharepoint-002.scm.azurewebsites.net" X-Forwarded-Proto="https" X-AppService-Proto="https" X-Forwarded-TlsVersion="1.2" X-WAWS-Unencoded-URL="/api/zipdeploy" >
  <step title="ZipPushDeploy" date="2025-08-04T17:01:08.433" >
    <step title="Functions App ZipDeploy. Run from package. Ignore remote build." date="2025-08-04T17:01:08.480" /><!-- duration: 31ms -->
    <step title="Starting PushDeployAsync" date="2025-08-04T17:01:08.544" /><!-- duration: 14ms -->
    <step title="Updating shutdown sentinel last write time" date="2025-08-04T17:01:08.652" SemaphoreCount="7" /><!-- duration: 16ms -->
    <step title="LockFile &apos;C:\home\site\locks\deployments.lock&apos; acquired" date="2025-08-04T17:01:08.699" /><!-- duration: 31ms -->
    <step title="Deleting outdated zip file C:\home\data\SitePackages\20250804154808.zip" date="2025-08-04T17:01:08.762" /><!-- duration: 47ms -->
    <step title="Saving request content to C:\home\data\SitePackages\20250804170108.zip" date="2025-08-04T17:01:08.824" >
      <step title="Total 1,666,893 bytes written to C:\home\data\SitePackages\20250804170108.zip" date="2025-08-04T17:01:08.918" /><!-- duration: 47ms -->
    </step><!-- duration: 250ms -->
    <step title="LockFile &apos;C:\home\site\locks\deployments.lock&apos; released" date="2025-08-04T17:01:09.105" /><!-- duration: 16ms -->
    <step title="Deleting shutdown sentinel file" date="2025-08-04T17:01:09.200" SemaphoreCount="8" /><!-- duration: 15ms -->
    <step title="Starting FetchDeploy" date="2025-08-04T17:01:09.246" /><!-- duration: 31ms -->
    <step title="Attempting to fetch target branch HEAD" date="2025-08-04T17:01:09.308" /><!-- duration: 31ms -->
    <step title="Updating shutdown sentinel last write time" date="2025-08-04T17:01:09.371" SemaphoreCount="7" /><!-- duration: 31ms -->
    <step title="LockFile &apos;C:\home\site\locks\deployments.lock&apos; acquired" date="2025-08-04T17:01:09.433" /><!-- duration: 16ms -->
    <step title="Performing fetch based deployment" date="2025-08-04T17:01:09.484" >
      <step title="Creating temporary deployment" date="2025-08-04T17:01:09.512" /><!-- duration: 156ms -->
      <step title="Fetching changes." date="2025-08-04T17:01:09.933" /><!-- duration: 32ms -->
      <step title="Starting LocalZipHandler" date="2025-08-04T17:01:10.013" /><!-- duration: 32ms -->
      <step title="Starting ExtractTriggers" date="2025-08-04T17:01:10.076" /><!-- duration: 32ms -->
      <step title="None repository commit" date="2025-08-04T17:01:10.217" >
        <step title="Commit id: 98dc2e2a497d4f6f8882edacbe826d68" date="2025-08-04T17:01:10.248" Message="Created via a push deployment" AuthorName="N/A" AuthorEmail="N/A" /><!-- duration: 16ms -->
      </step><!-- duration: 79ms -->
      <step title="Before sending BuildRequestReceived status to /api/updatedeploystatus" date="2025-08-04T17:01:10.342" /><!-- duration: 31ms -->
      <step title="DeploymentManager.Deploy(id:98dc2e2a497d4f6f8882edacbe826d68)" date="2025-08-04T17:01:10.388" >
        <step title="Collecting changeset information" date="2025-08-04T17:01:10.451" /><!-- duration: 172ms -->
        <step title="Updating submodules" date="2025-08-04T17:01:10.654" >
          <step title="Updating submodules." date="2025-08-04T17:01:10.857" /><!-- duration: 31ms -->
        </step><!-- duration: 281ms -->
        <step title="Preparing deployment for commit id &apos;98dc2e2a49&apos;." date="2025-08-04T17:01:11.155" /><!-- duration: 16ms -->
        <step title="Determining deployment builder" date="2025-08-04T17:01:11.436" >
          <step title="Builder is RunFromZipSiteBuilder" date="2025-08-04T17:01:11.467" /><!-- duration: 31ms -->
        </step><!-- duration: 109ms -->
        <step title="Copying SSH keys" date="2025-08-04T17:01:11.639" /><!-- duration: 47ms -->
        <step title="Building" date="2025-08-04T17:01:11.718" >
          <step title="Skipping build. Project type: Run-From-Zip" date="2025-08-04T17:01:11.936" /><!-- duration: 16ms -->
          <step title="Skipping post build. Project type: Run-From-Zip" date="2025-08-04T17:01:12.217" /><!-- duration: 31ms -->
          <step title="Triggering recycle (preview mode disabled)." date="2025-08-04T17:01:12.561" /><!-- duration: 16ms -->
          <step title="Ignoring FS watcher based recycle request as this is a classic Windows app." date="2025-08-04T17:01:12.639" /><!-- duration: 31ms -->
          <step title="Deployment successful. DEPLOYMENTINFO: deploymentPath = Functions App ZipDeploy. Run from package. Ignore remote build., deployer = ZipDeploy, os = windows, sku = Dynamic, language = node, siteName = webhook-functions-sharepoint-002, slotName = Production, siteHostName = webhook-functions-sharepoint-002.azurewebsites.net, deploymentStatus = Success" date="2025-08-04T17:01:12.889" /><!-- duration: 31ms -->
          <step title="Purge deployment items" date="2025-08-04T17:01:13.671" >
            <step title="Remove e64e0d281, Success, received at 8/4/2025 8:27:36 AM" date="2025-08-04T17:01:14.001" /><!-- duration: 16ms -->
          </step><!-- duration: 377ms -->
        </step><!-- duration: 2439ms -->
      </step><!-- duration: 3784ms -->
      <step title="Cleaning up temp files" date="2025-08-04T17:01:14.204" /><!-- duration: 31ms -->
      <step title="Updating C:\home\data\SitePackages\packagename.txt with deployment 20250804170108.zip" date="2025-08-04T17:01:14.266" /><!-- duration: 78ms -->
      <step title="Begin HttpPost https://webhook-functions-sharepoint-002.scm.azurewebsites.net/operations/settriggers, x-ms-request-id: e9876872-9265-46eb-b30c-b5c71698609b" date="2025-08-04T17:01:14.391" /><!-- duration: 31ms -->
      <step title="End HttpPost, status: OK" date="2025-08-04T17:01:14.595" /><!-- duration: 31ms -->
      <step title="Scheduling background sync triggers after delay" date="2025-08-04T17:01:14.643" /><!-- duration: 31ms -->
    </step><!-- duration: 5424ms -->
    <step title="LockFile &apos;C:\home\site\locks\deployments.lock&apos; released" date="2025-08-04T17:01:14.940" /><!-- duration: 31ms -->
  </step><!-- duration: 6585ms -->
  <step title="Outgoing response" date="2025-08-04T17:01:15.034" type="response" statusCode="200" statusText="OK" Server="Microsoft-IIS/10.0" x-ms-request-id="e9876872-9265-46eb-b30c-b5c71698609b" Cache-Control="private" X-AspNet-Version="4.0.30319" /><!-- duration: 47ms -->
</step><!-- duration: 6787ms -->
