<step title="Incoming Request" date="2025-07-30T03:07:15.029" instance="e13d73" url="/api/zipdeploy" method="POST" type="request" pid="6620,2,9" Content-Length="1651412" Content-Type="application/zip" Authorization="Bea..." Host="webhook-functions-sharepoint-002.scm.azurewebsites.net" If-Match="*" User-Agent="functions-core-tools/4.1.0" X-ARR-LOG-ID="defaa25d-1e11-43ec-ac10-68bff2284831" CLIENT-IP="104.55.129.222:64077" X-SITE-DEPLOYMENT-ID="webhook-functions-sharepoint-002" WAS-DEFAULT-HOSTNAME="webhook-functions-sharepoint-002.scm.azurewebsites.net" X-Forwarded-Proto="https" X-AppService-Proto="https" X-Forwarded-TlsVersion="1.2" X-WAWS-Unencoded-URL="/api/zipdeploy" >
  <step title="ZipPushDeploy" date="2025-07-30T03:07:15.108" >
    <step title="Functions App ZipDeploy. Run from package. Ignore remote build." date="2025-07-30T03:07:15.154" /><!-- duration: 16ms -->
    <step title="Starting PushDeployAsync" date="2025-07-30T03:07:15.201" /><!-- duration: 16ms -->
    <step title="Updating shutdown sentinel last write time" date="2025-07-30T03:07:15.264" SemaphoreCount="7" /><!-- duration: 16ms -->
    <step title="LockFile &apos;C:\home\site\locks\deployments.lock&apos; acquired" date="2025-07-30T03:07:15.295" /><!-- duration: 16ms -->
    <step title="Deleting outdated zip file C:\home\data\SitePackages\20250730030024.zip" date="2025-07-30T03:07:15.358" /><!-- duration: 47ms -->
    <step title="Saving request content to C:\home\data\SitePackages\20250730030715.zip" date="2025-07-30T03:07:15.420" >
      <step title="Total 1,651,412 bytes written to C:\home\data\SitePackages\20250730030715.zip" date="2025-07-30T03:07:15.498" /><!-- duration: 16ms -->
    </step><!-- duration: 172ms -->
    <step title="LockFile &apos;C:\home\site\locks\deployments.lock&apos; released" date="2025-07-30T03:07:15.623" /><!-- duration: 16ms -->
    <step title="Deleting shutdown sentinel file" date="2025-07-30T03:07:15.686" SemaphoreCount="8" /><!-- duration: 31ms -->
    <step title="Starting FetchDeploy" date="2025-07-30T03:07:15.733" /><!-- duration: 16ms -->
    <step title="Attempting to fetch target branch HEAD" date="2025-07-30T03:07:15.764" /><!-- duration: 31ms -->
    <step title="Updating shutdown sentinel last write time" date="2025-07-30T03:07:15.826" SemaphoreCount="7" /><!-- duration: 16ms -->
    <step title="LockFile &apos;C:\home\site\locks\deployments.lock&apos; acquired" date="2025-07-30T03:07:15.858" /><!-- duration: 31ms -->
    <step title="Performing fetch based deployment" date="2025-07-30T03:07:15.920" >
      <step title="Creating temporary deployment" date="2025-07-30T03:07:15.936" /><!-- duration: 141ms -->
      <step title="Fetching changes." date="2025-07-30T03:07:16.279" /><!-- duration: 16ms -->
      <step title="Starting LocalZipHandler" date="2025-07-30T03:07:16.342" /><!-- duration: 16ms -->
      <step title="Starting ExtractTriggers" date="2025-07-30T03:07:16.373" /><!-- duration: 31ms -->
      <step title="None repository commit" date="2025-07-30T03:07:16.514" >
        <step title="Commit id: f0b3efa361e84f0aa0149856c54fd054" date="2025-07-30T03:07:16.545" Message="Created via a push deployment" AuthorName="N/A" AuthorEmail="N/A" /><!-- duration: 47ms -->
      </step><!-- duration: 109ms -->
      <step title="Before sending BuildRequestReceived status to /api/updatedeploystatus" date="2025-07-30T03:07:16.639" /><!-- duration: 16ms -->
      <step title="DeploymentManager.Deploy(id:f0b3efa361e84f0aa0149856c54fd054)" date="2025-07-30T03:07:16.686" >
        <step title="Collecting changeset information" date="2025-07-30T03:07:16.733" /><!-- duration: 156ms -->
        <step title="Updating submodules" date="2025-07-30T03:07:16.904" >
          <step title="Updating submodules." date="2025-07-30T03:07:17.092" /><!-- duration: 16ms -->
        </step><!-- duration: 250ms -->
        <step title="Preparing deployment for commit id &apos;f0b3efa361&apos;." date="2025-07-30T03:07:17.327" /><!-- duration: 31ms -->
        <step title="Determining deployment builder" date="2025-07-30T03:07:17.546" >
          <step title="Builder is RunFromZipSiteBuilder" date="2025-07-30T03:07:17.561" /><!-- duration: 16ms -->
        </step><!-- duration: 62ms -->
        <step title="Copying SSH keys" date="2025-07-30T03:07:17.686" /><!-- duration: 31ms -->
        <step title="Building" date="2025-07-30T03:07:17.749" >
          <step title="Skipping build. Project type: Run-From-Zip" date="2025-07-30T03:07:17.952" /><!-- duration: 16ms -->
          <step title="Skipping post build. Project type: Run-From-Zip" date="2025-07-30T03:07:18.202" /><!-- duration: 31ms -->
          <step title="Triggering recycle (preview mode disabled)." date="2025-07-30T03:07:18.452" /><!-- duration: 16ms -->
          <step title="Ignoring FS watcher based recycle request as this is a classic Windows app." date="2025-07-30T03:07:18.514" /><!-- duration: 16ms -->
          <step title="Deployment successful. DEPLOYMENTINFO: deploymentPath = Functions App ZipDeploy. Run from package. Ignore remote build., deployer = ZipDeploy, os = windows, sku = Dynamic, language = node, siteName = webhook-functions-sharepoint-002, slotName = Production, siteHostName = webhook-functions-sharepoint-002.azurewebsites.net, deploymentStatus = Success" date="2025-07-30T03:07:18.717" /><!-- duration: 16ms -->
          <step title="Purge deployment items" date="2025-07-30T03:07:19.358" >
            <step title="Remove 420efbe30, Success, received at 7/29/2025 11:08:16 PM" date="2025-07-30T03:07:19.624" /><!-- duration: 16ms -->
          </step><!-- duration: 313ms -->
        </step><!-- duration: 2000ms -->
      </step><!-- duration: 3079ms -->
      <step title="Cleaning up temp files" date="2025-07-30T03:07:19.780" /><!-- duration: 32ms -->
      <step title="Updating C:\home\data\SitePackages\packagename.txt with deployment 20250730030715.zip" date="2025-07-30T03:07:19.827" /><!-- duration: 78ms -->
      <step title="Begin HttpPost https://webhook-functions-sharepoint-002.scm.azurewebsites.net/operations/settriggers, x-ms-request-id: defaa25d-1e11-43ec-ac10-68bff2284831" date="2025-07-30T03:07:19.952" /><!-- duration: 31ms -->
      <step title="End HttpPost, status: OK" date="2025-07-30T03:07:20.139" /><!-- duration: 16ms -->
      <step title="Scheduling background sync triggers after delay" date="2025-07-30T03:07:20.171" /><!-- duration: 31ms -->
    </step><!-- duration: 4500ms -->
    <step title="LockFile &apos;C:\home\site\locks\deployments.lock&apos; released" date="2025-07-30T03:07:20.452" /><!-- duration: 47ms -->
  </step><!-- duration: 5438ms -->
  <step title="Outgoing response" date="2025-07-30T03:07:20.577" type="response" statusCode="200" statusText="OK" Server="Microsoft-IIS/10.0" x-ms-request-id="defaa25d-1e11-43ec-ac10-68bff2284831" Cache-Control="private" X-AspNet-Version="4.0.30319" /><!-- duration: 16ms -->
</step><!-- duration: 5594ms -->
