<step title="Incoming Request" date="2025-07-29T23:09:56.258" instance="49fa8c" url="/api/zipdeploy" method="POST" type="request" pid="6468,2,9" Content-Length="1647009" Content-Type="application/zip" Authorization="Bea..." Host="webhook-functions-sharepoint-002.scm.azurewebsites.net" If-Match="*" User-Agent="functions-core-tools/4.1.0" X-ARR-LOG-ID="9f7c5a38-845d-4507-9fda-27b95f407594" CLIENT-IP="131.239.142.46:52551" X-SITE-DEPLOYMENT-ID="webhook-functions-sharepoint-002" WAS-DEFAULT-HOSTNAME="webhook-functions-sharepoint-002.scm.azurewebsites.net" X-Forwarded-Proto="https" X-AppService-Proto="https" X-Forwarded-TlsVersion="1.2" X-WAWS-Unencoded-URL="/api/zipdeploy" >
  <step title="ZipPushDeploy" date="2025-07-29T23:09:56.398" >
    <step title="Functions App ZipDeploy. Run from package. Ignore remote build." date="2025-07-29T23:09:56.445" /><!-- duration: 31ms -->
    <step title="Starting PushDeployAsync" date="2025-07-29T23:09:56.492" /><!-- duration: 31ms -->
    <step title="Updating shutdown sentinel last write time" date="2025-07-29T23:09:56.570" SemaphoreCount="7" /><!-- duration: 16ms -->
    <step title="LockFile &apos;C:\home\site\locks\deployments.lock&apos; acquired" date="2025-07-29T23:09:56.601" /><!-- duration: 16ms -->
    <step title="Deleting outdated zip file C:\home\data\SitePackages\20250729230512.zip" date="2025-07-29T23:09:56.648" /><!-- duration: 47ms -->
    <step title="Saving request content to C:\home\data\SitePackages\20250729230956.zip" date="2025-07-29T23:09:56.711" >
      <step title="Total 1,647,009 bytes written to C:\home\data\SitePackages\20250729230956.zip" date="2025-07-29T23:09:56.789" /><!-- duration: 16ms -->
    </step><!-- duration: 187ms -->
    <step title="LockFile &apos;C:\home\site\locks\deployments.lock&apos; released" date="2025-07-29T23:09:56.929" /><!-- duration: 16ms -->
    <step title="Deleting shutdown sentinel file" date="2025-07-29T23:09:56.992" SemaphoreCount="8" /><!-- duration: 16ms -->
    <step title="Starting FetchDeploy" date="2025-07-29T23:09:57.023" /><!-- duration: 16ms -->
    <step title="Attempting to fetch target branch HEAD" date="2025-07-29T23:09:57.054" /><!-- duration: 31ms -->
    <step title="Updating shutdown sentinel last write time" date="2025-07-29T23:09:57.117" SemaphoreCount="7" /><!-- duration: 16ms -->
    <step title="LockFile &apos;C:\home\site\locks\deployments.lock&apos; acquired" date="2025-07-29T23:09:57.164" /><!-- duration: 16ms -->
    <step title="Performing fetch based deployment" date="2025-07-29T23:09:57.195" >
      <step title="Creating temporary deployment" date="2025-07-29T23:09:57.211" /><!-- duration: 125ms -->
      <step title="Fetching changes." date="2025-07-29T23:09:57.539" /><!-- duration: 16ms -->
      <step title="Starting LocalZipHandler" date="2025-07-29T23:09:57.586" /><!-- duration: 16ms -->
      <step title="Starting ExtractTriggers" date="2025-07-29T23:09:57.633" /><!-- duration: 16ms -->
      <step title="None repository commit" date="2025-07-29T23:09:57.851" >
        <step title="Commit id: a97bf85f52e641a3a8c751296f6659dd" date="2025-07-29T23:09:57.883" Message="Created via a push deployment" AuthorName="N/A" AuthorEmail="N/A" /><!-- duration: 16ms -->
      </step><!-- duration: 78ms -->
      <step title="Before sending BuildRequestReceived status to /api/updatedeploystatus" date="2025-07-29T23:09:57.945" /><!-- duration: 16ms -->
      <step title="DeploymentManager.Deploy(id:a97bf85f52e641a3a8c751296f6659dd)" date="2025-07-29T23:09:57.976" >
        <step title="Collecting changeset information" date="2025-07-29T23:09:58.023" /><!-- duration: 141ms -->
        <step title="Updating submodules" date="2025-07-29T23:09:58.180" >
          <step title="Updating submodules." date="2025-07-29T23:09:58.351" /><!-- duration: 16ms -->
        </step><!-- duration: 234ms -->
        <step title="Preparing deployment for commit id &apos;a97bf85f52&apos;." date="2025-07-29T23:09:58.601" /><!-- duration: 31ms -->
        <step title="Determining deployment builder" date="2025-07-29T23:09:58.805" >
          <step title="Builder is RunFromZipSiteBuilder" date="2025-07-29T23:09:58.820" /><!-- duration: 16ms -->
        </step><!-- duration: 47ms -->
        <step title="Copying SSH keys" date="2025-07-29T23:09:58.930" /><!-- duration: 31ms -->
        <step title="Building" date="2025-07-29T23:09:58.976" >
          <step title="Skipping build. Project type: Run-From-Zip" date="2025-07-29T23:09:59.164" /><!-- duration: 16ms -->
          <step title="Skipping post build. Project type: Run-From-Zip" date="2025-07-29T23:09:59.383" /><!-- duration: 16ms -->
          <step title="Triggering recycle (preview mode disabled)." date="2025-07-29T23:09:59.586" /><!-- duration: 16ms -->
          <step title="Ignoring FS watcher based recycle request as this is a classic Windows app." date="2025-07-29T23:09:59.648" /><!-- duration: 16ms -->
          <step title="Deployment successful. DEPLOYMENTINFO: deploymentPath = Functions App ZipDeploy. Run from package. Ignore remote build., deployer = ZipDeploy, os = windows, sku = Dynamic, language = node, siteName = webhook-functions-sharepoint-002, slotName = Production, siteHostName = webhook-functions-sharepoint-002.azurewebsites.net, deploymentStatus = Success" date="2025-07-29T23:09:59.851" /><!-- duration: 16ms -->
          <step title="Purge deployment items" date="2025-07-29T23:10:00.493" >
            <step title="Remove e68b34727, Success, received at 7/29/2025 9:16:52 PM" date="2025-07-29T23:10:00.758" /><!-- duration: 16ms -->
          </step><!-- duration: 297ms -->
        </step><!-- duration: 1907ms -->
      </step><!-- duration: 2922ms -->
      <step title="Cleaning up temp files" date="2025-07-29T23:10:00.914" /><!-- duration: 31ms -->
      <step title="Updating C:\home\data\SitePackages\packagename.txt with deployment 20250729230956.zip" date="2025-07-29T23:10:00.961" /><!-- duration: 63ms -->
      <step title="Begin HttpPost https://webhook-functions-sharepoint-002.scm.azurewebsites.net/operations/settriggers, x-ms-request-id: 9f7c5a38-845d-4507-9fda-27b95f407594" date="2025-07-29T23:10:01.071" /><!-- duration: 16ms -->
      <step title="End HttpPost, status: OK" date="2025-07-29T23:10:01.305" /><!-- duration: 16ms -->
      <step title="Scheduling background sync triggers after delay" date="2025-07-29T23:10:01.352" /><!-- duration: 31ms -->
    </step><!-- duration: 4423ms -->
    <step title="LockFile &apos;C:\home\site\locks\deployments.lock&apos; released" date="2025-07-29T23:10:01.649" /><!-- duration: 16ms -->
  </step><!-- duration: 5313ms -->
  <step title="Outgoing response" date="2025-07-29T23:10:01.743" type="response" statusCode="200" statusText="OK" Server="Microsoft-IIS/10.0" x-ms-request-id="9f7c5a38-845d-4507-9fda-27b95f407594" Cache-Control="private" X-AspNet-Version="4.0.30319" /><!-- duration: 16ms -->
</step><!-- duration: 5532ms -->
