<step title="Incoming Request" date="2025-07-30T03:11:59.320" instance="e13d73" url="/api/zipdeploy" method="POST" type="request" pid="1616,2,9" Content-Length="1651661" Content-Type="application/zip" Authorization="Bea..." Host="webhook-functions-sharepoint-002.scm.azurewebsites.net" If-Match="*" User-Agent="functions-core-tools/4.1.0" X-ARR-LOG-ID="33d43530-1ffb-4f0e-8b20-88f9f6e3d4b8" CLIENT-IP="104.55.129.222:64688" X-SITE-DEPLOYMENT-ID="webhook-functions-sharepoint-002" WAS-DEFAULT-HOSTNAME="webhook-functions-sharepoint-002.scm.azurewebsites.net" X-Forwarded-Proto="https" X-AppService-Proto="https" X-Forwarded-TlsVersion="1.2" X-WAWS-Unencoded-URL="/api/zipdeploy" >
  <step title="ZipPushDeploy" date="2025-07-30T03:11:59.383" >
    <step title="Functions App ZipDeploy. Run from package. Ignore remote build." date="2025-07-30T03:11:59.414" /><!-- duration: 31ms -->
    <step title="Starting PushDeployAsync" date="2025-07-30T03:11:59.461" /><!-- duration: 31ms -->
    <step title="Updating shutdown sentinel last write time" date="2025-07-30T03:11:59.539" SemaphoreCount="7" /><!-- duration: 16ms -->
    <step title="LockFile &apos;C:\home\site\locks\deployments.lock&apos; acquired" date="2025-07-30T03:11:59.570" /><!-- duration: 31ms -->
    <step title="Deleting outdated zip file C:\home\data\SitePackages\20250730030129.zip" date="2025-07-30T03:11:59.648" /><!-- duration: 47ms -->
    <step title="Saving request content to C:\home\data\SitePackages\20250730031159.zip" date="2025-07-30T03:11:59.711" >
      <step title="Total 1,651,661 bytes written to C:\home\data\SitePackages\20250730031159.zip" date="2025-07-30T03:11:59.789" /><!-- duration: 16ms -->
    </step><!-- duration: 172ms -->
    <step title="LockFile &apos;C:\home\site\locks\deployments.lock&apos; released" date="2025-07-30T03:11:59.914" /><!-- duration: 16ms -->
    <step title="Deleting shutdown sentinel file" date="2025-07-30T03:11:59.976" SemaphoreCount="8" /><!-- duration: 16ms -->
    <step title="Starting FetchDeploy" date="2025-07-30T03:12:00.008" /><!-- duration: 31ms -->
    <step title="Attempting to fetch target branch HEAD" date="2025-07-30T03:12:00.070" /><!-- duration: 16ms -->
    <step title="Updating shutdown sentinel last write time" date="2025-07-30T03:12:00.133" SemaphoreCount="7" /><!-- duration: 16ms -->
    <step title="LockFile &apos;C:\home\site\locks\deployments.lock&apos; acquired" date="2025-07-30T03:12:00.164" /><!-- duration: 31ms -->
    <step title="Performing fetch based deployment" date="2025-07-30T03:12:00.211" >
      <step title="Creating temporary deployment" date="2025-07-30T03:12:00.226" /><!-- duration: 141ms -->
      <step title="Fetching changes." date="2025-07-30T03:12:00.570" /><!-- duration: 16ms -->
      <step title="Starting LocalZipHandler" date="2025-07-30T03:12:00.633" /><!-- duration: 16ms -->
      <step title="Starting ExtractTriggers" date="2025-07-30T03:12:00.680" /><!-- duration: 31ms -->
      <step title="None repository commit" date="2025-07-30T03:12:00.805" >
        <step title="Commit id: 57d9d25415464ca3ad4d3506c2e01b46" date="2025-07-30T03:12:00.836" Message="Created via a push deployment" AuthorName="N/A" AuthorEmail="N/A" /><!-- duration: 16ms -->
      </step><!-- duration: 78ms -->
      <step title="Before sending BuildRequestReceived status to /api/updatedeploystatus" date="2025-07-30T03:12:00.914" /><!-- duration: 16ms -->
      <step title="DeploymentManager.Deploy(id:57d9d25415464ca3ad4d3506c2e01b46)" date="2025-07-30T03:12:00.945" >
        <step title="Collecting changeset information" date="2025-07-30T03:12:01.008" /><!-- duration: 219ms -->
        <step title="Updating submodules" date="2025-07-30T03:12:01.242" >
          <step title="Updating submodules." date="2025-07-30T03:12:01.445" /><!-- duration: 16ms -->
        </step><!-- duration: 281ms -->
        <step title="Preparing deployment for commit id &apos;57d9d25415&apos;." date="2025-07-30T03:12:01.742" /><!-- duration: 16ms -->
        <step title="Determining deployment builder" date="2025-07-30T03:12:01.945" >
          <step title="Builder is RunFromZipSiteBuilder" date="2025-07-30T03:12:01.976" /><!-- duration: 20ms -->
        </step><!-- duration: 78ms -->
        <step title="Copying SSH keys" date="2025-07-30T03:12:02.101" /><!-- duration: 49ms -->
        <step title="Building" date="2025-07-30T03:12:02.164" >
          <step title="Skipping build. Project type: Run-From-Zip" date="2025-07-30T03:12:02.367" /><!-- duration: 31ms -->
          <step title="Skipping post build. Project type: Run-From-Zip" date="2025-07-30T03:12:02.617" /><!-- duration: 16ms -->
          <step title="Triggering recycle (preview mode disabled)." date="2025-07-30T03:12:02.851" /><!-- duration: 31ms -->
          <step title="Ignoring FS watcher based recycle request as this is a classic Windows app." date="2025-07-30T03:12:02.930" /><!-- duration: 16ms -->
          <step title="Deployment successful. DEPLOYMENTINFO: deploymentPath = Functions App ZipDeploy. Run from package. Ignore remote build., deployer = ZipDeploy, os = windows, sku = Dynamic, language = node, siteName = webhook-functions-sharepoint-002, slotName = Production, siteHostName = webhook-functions-sharepoint-002.azurewebsites.net, deploymentStatus = Success" date="2025-07-30T03:12:03.148" /><!-- duration: 16ms -->
          <step title="Purge deployment items" date="2025-07-30T03:12:03.789" >
            <step title="Remove a97bf85f5, Success, received at 7/29/2025 11:09:58 PM" date="2025-07-30T03:12:04.056" /><!-- duration: 29ms -->
          </step><!-- duration: 328ms -->
        </step><!-- duration: 2047ms -->
      </step><!-- duration: 3297ms -->
      <step title="Cleaning up temp files" date="2025-07-30T03:12:04.258" /><!-- duration: 31ms -->
      <step title="Updating C:\home\data\SitePackages\packagename.txt with deployment 20250730031159.zip" date="2025-07-30T03:12:04.305" /><!-- duration: 47ms -->
      <step title="Begin HttpPost https://webhook-functions-sharepoint-002.scm.azurewebsites.net/operations/settriggers, x-ms-request-id: 33d43530-1ffb-4f0e-8b20-88f9f6e3d4b8" date="2025-07-30T03:12:04.398" /><!-- duration: 31ms -->
      <step title="End HttpPost, status: OK" date="2025-07-30T03:12:04.586" /><!-- duration: 31ms -->
      <step title="Scheduling background sync triggers after delay" date="2025-07-30T03:12:04.633" /><!-- duration: 31ms -->
    </step><!-- duration: 4656ms -->
    <step title="LockFile &apos;C:\home\site\locks\deployments.lock&apos; released" date="2025-07-30T03:12:04.914" /><!-- duration: 16ms -->
  </step><!-- duration: 5594ms -->
  <step title="Outgoing response" date="2025-07-30T03:12:04.992" type="response" statusCode="200" statusText="OK" Server="Microsoft-IIS/10.0" x-ms-request-id="33d43530-1ffb-4f0e-8b20-88f9f6e3d4b8" Cache-Control="private" X-AspNet-Version="4.0.30319" /><!-- duration: 16ms -->
</step><!-- duration: 5703ms -->
