<step title="BackgroundTrace" date="2025-07-30T03:02:12.086" instance="e13d73" url="synctriggers-operation" method="POST" >
  <step title="Updating shutdown sentinel last write time" date="2025-07-30T03:02:12.117" SemaphoreCount="5" /><!-- duration: 16ms -->
  <step title="Delaying &apos;00:01:00&apos; for Functions site to restart." date="2025-07-30T03:02:12.164" /><!-- duration: 31ms -->
  <step title="Begin HttpPost https://webhook-functions-sharepoint-002.azurewebsites.net/admin/host/synctriggers, x-ms-request-id: cacbfb9f-796f-4af2-8db7-df6ca922e9c7" date="2025-07-30T03:02:35.007" /><!-- duration: 31ms -->
  <step title="End HttpPost, status: OK" date="2025-07-30T03:02:35.524" /><!-- duration: 31ms -->
  <step title="Syncing function triggers by calling the functions runtime site successful." date="2025-07-30T03:02:35.586" /><!-- duration: 31ms -->
  <step title="Begin HttpPost https://webhook-functions-sharepoint-002.azurewebsites.net/admin/host/synctriggers, x-ms-request-id: 5c9f9ccb-0fa8-4d47-b6d5-edfa9b80e02f" date="2025-07-30T03:03:12.217" /><!-- duration: 47ms -->
  <step title="End HttpPost, status: OK" date="2025-07-30T03:03:12.827" /><!-- duration: 31ms -->
  <step title="Syncing function triggers by calling the functions runtime site successful." date="2025-07-30T03:03:12.874" /><!-- duration: 31ms -->
  <step title="Deleting shutdown sentinel file" date="2025-07-30T03:03:12.921" SemaphoreCount="8" /><!-- duration: 31ms -->
</step><!-- duration: 60898ms -->
