﻿<?xml version="1.0" encoding="utf-8"?>
<deployment>
  <id>b175db16a09449da853b9635861b8b08</id>
  <author>N/A</author>
  <deployer>ZipDeploy</deployer>
  <authorEmail>N/A</authorEmail>
  <message>Created via a push deployment</message>
  <progress></progress>
  <status>Success</status>
  <statusText></statusText>
  <lastSuccessEndTime>2025-08-04T08:32:11.2345488Z</lastSuccessEndTime>
  <receivedTime>2025-08-04T08:32:08.8126851Z</receivedTime>
  <startTime>2025-08-04T08:32:09.5941534Z</startTime>
  <endTime>2025-08-04T08:32:11.2345488Z</endTime>
  <complete>True</complete>
  <is_temp>False</is_temp>
  <is_readonly>True</is_readonly>
  <project_type>Run-From-Zip</project_type>
  <vsproject_id></vsproject_id>
</deployment>