﻿<?xml version="1.0" encoding="utf-8"?>
<deployment>
  <id>5913310c98df4ad9bc591aed54094b9e</id>
  <author>N/A</author>
  <deployer>ZipDeploy</deployer>
  <authorEmail>N/A</authorEmail>
  <message>Created via a push deployment</message>
  <progress></progress>
  <status>Success</status>
  <statusText></statusText>
  <lastSuccessEndTime>2025-08-04T17:10:21.24848Z</lastSuccessEndTime>
  <receivedTime>2025-08-04T17:10:18.6505028Z</receivedTime>
  <startTime>2025-08-04T17:10:19.4984672Z</startTime>
  <endTime>2025-08-04T17:10:21.24848Z</endTime>
  <complete>True</complete>
  <is_temp>False</is_temp>
  <is_readonly>True</is_readonly>
  <project_type>Run-From-Zip</project_type>
  <vsproject_id></vsproject_id>
</deployment>