﻿<?xml version="1.0" encoding="utf-8"?>
<deployment>
  <id>a4ca720c1ad4468186d4d9e6de129a83</id>
  <author>N/A</author>
  <deployer>ZipDeploy</deployer>
  <authorEmail>N/A</authorEmail>
  <message>Created via a push deployment</message>
  <progress></progress>
  <status>Success</status>
  <statusText></statusText>
  <lastSuccessEndTime>2025-08-04T15:25:40.2485564Z</lastSuccessEndTime>
  <receivedTime>2025-08-04T15:25:38.2641452Z</receivedTime>
  <startTime>2025-08-04T15:25:38.9204574Z</startTime>
  <endTime>2025-08-04T15:25:40.2485564Z</endTime>
  <complete>True</complete>
  <is_temp>False</is_temp>
  <is_readonly>True</is_readonly>
  <project_type>Run-From-Zip</project_type>
  <vsproject_id></vsproject_id>
</deployment>