﻿<?xml version="1.0" encoding="utf-8"?>
<deployment>
  <id>34ec96eefa0d4acc95da5a66af7c6113</id>
  <author>N/A</author>
  <deployer>ZipDeploy</deployer>
  <authorEmail>N/A</authorEmail>
  <message>Created via a push deployment</message>
  <progress></progress>
  <status>Success</status>
  <statusText></statusText>
  <lastSuccessEndTime>2025-08-04T08:34:24.6339776Z</lastSuccessEndTime>
  <receivedTime>2025-08-04T08:34:22.4285205Z</receivedTime>
  <startTime>2025-08-04T08:34:23.1641145Z</startTime>
  <endTime>2025-08-04T08:34:24.6339776Z</endTime>
  <complete>True</complete>
  <is_temp>False</is_temp>
  <is_readonly>True</is_readonly>
  <project_type>Run-From-Zip</project_type>
  <vsproject_id></vsproject_id>
</deployment>